wars,from,to,duration,notes,participation, number_participants,who,where,fatalities,url_source,memorials,links
War in Eastern Ukraine,2014,2014,0,This armed conflict is not included in the main source The Polynational War Memorial.,"Ukraine",2,"Europe, Asia",Europe,"4,035",War in Donbass,,http://en.wikipedia.org/wiki/War_in_Donbass
Sectarian Conflict in the Central African Republic,2012,2014,2,"End year and fatalities are based on the list of ongoing armed conflicts (wikipedia). Estimate:  886-2,099 killed overall",Central African Republic,1,Africa,Africa,"2,099",Sectarian Conflict in the Central African Republic,,http://www.war-memorial.net/Sectarian-Conflict-in-the-Central-African-Republic-3.319
South Sudan Civil War,2011,2014,3,End year and fatalities are based on the list of ongoing armed conflicts (wikipedia).  ,South Sudan,1,Africa,Africa,"15,000",South Sudan Civil War,,http://www.war-memorial.net/South-Sudan-Civil-War-3.315
Syrian Civil War,2011,2014,3,"End year and fatalities are based on the list of ongoing armed conflicts (wikipedia).  260,215 killed overall (SOHR estimate)",Syria,1,Asia,Asia,"260,215",Syrian civil war,[2],http://www.war-memorial.net/Syrian-civil-war-3.257
Yemen vs Al-Quaeda,2009,2014,5,"This conflict is ongoing. End year has been updated, but number of deaths refers to The Polynational War Memorial.","Yemen, United States",2,"Asia, North America",Asia,"4,270",Yemen vs Al-Quaeda,,http://www.war-memorial.net/Yemen-vs-Al-Quaeda-3.263
Nigerian Govt vs Boko Haram,2009,2014,5,"This conflict is ongoing. End year has been updated, but number of deaths refers to The Polynational War Memorial.",Nigeria,1,Africa,Africa,"4,627",Nigerian Govt vs Boko Haram,,http://www.war-memorial.net/Nigerian-Govt-vs-Boko-Haram-3.312
Waziristan conflict,2007,2014,7,"This conflict is ongoing. End date has been updated, but number of deaths refers to The Polynational War Memorial.","Pakistan, Afghanistan",2,Asia,Asia,"23,494",Waziristan conflict,,http://www.war-memorial.net/Waziristan-conflict-3.254
Kivu Conflict,2006,2013,7,,"Democratic Republic of the Congo, Rwanda",2,Africa,Africa,"10,105",Kivu Conflict,,http://www.war-memorial.net/Kivu-Conflict-3.262
Iraqi Insurgency,2003,2014,11,"Start year, end year and fatalities are based on the list of ongoing armed conflicts (wikipedia).  184,512 killed overall (www.iraqbodycount.org estimate December 2013)","Iraq, United States, United Kingdom, Australia, South Korea",5,"Asia, North America, Europe",Asia,"184,512",Iraqi Insurgency,[8],http://www.war-memorial.net/Iraqi-Insurgency-3.258
Afghanistan War,2001,2014,13,"This conflict is ongoing. End date has been updated, but number of deaths refers to The Polynational War Memorial.","Afghanistan, United States, United Kingdom, Albania, United Arab Emirates, Ukraine, Turkey, Tonga, Sweden, Spain, Slovenia, Slovakia, Singapore, Romania, Portugal, Poland, Norway, New Zealand, Netherlands, Montenegro, Mongolia, Malaysia, Luxembourg, Lithuania, Latvia, South Korea, Italy, Ireland, Iceland, Hungary, Greece, Germany, Georgia, France, Macedonia, Finland, Estonia, El Salvador, Denmark, Czech Republic, Croatia, Canada, Bulgaria, Bosnia and Herzegovina, Belgium, Azerbaijan, Austria, Australia, Armenia, Bahrain ",50,"Asia, Europe, North America",Asia,"53,925",Afghanistan war,[5],http://www.war-memorial.net/Afghanistan-war-3.253
Al-Qaida vs United States and allies,2001,2013,12,,"United States, United Kingdom, Saudi Arabia, Spain, Indonesia ",5,"Asia, Europe, America",Asia,"7,649",al-Qaida vs USA and allies,[12],http://www.war-memorial.net/al-Qaida-vs-USA-and-allies-3.245
Russia vs Chechnyan Secessionists and the Caucasus Emirate,1994,2013,19,"The location of this conflict is Europe/Asia, because Russia is a transcontinental country which straddles Euroasia",Russia,1,"Euro, Asia","Europe, Asia","23,217",Russia vs Chechnyan Secessionists and the Caucasus Emirate,[7],http://www.war-memorial.net/Russia-vs-Chechnyan-Secessionists-and-the-Caucasus-Emirate-3.235
"Algeria Govt vs Islamic rebels, GIA, AIS, AQIM",1991,2013,22,,Algeria,1,Africa,Africa,"20,533","Algeria Govt vs Islamic rebels, GIA, AIS, AQIM",[1],"http://www.war-memorial.net/Algeria-Govt-vs-Islamic-rebels,-GIA,-AIS,-AQIM--3.231"
Indian Govt vs Maoist Guerillas,1990,2013,23,,India,1,Asia,Asia,"6,854",Indian Govt vs Maoist Guerillas,,http://www.war-memorial.net/Indian-Govt-vs-Maoist-Guerillas-3.320
"India vs Pakistan, Kashmir Dispute",1984,2014,30,"This conflict is ongoing. End year has been updated, but number of deaths refer to The The Polynational War Memorial.","India, Pakistan",2,Asia,Asia,"24,376","India vs Pakistan, Kashmir Dispute",[12],"http://www.war-memorial.net/India-vs-Pakistan,-Kashmir-Dispute--3.228"
Turkey Gov vs Kurdistan Guerilla,1984,2014,30,Turkey straddles Europe and Asia with a political identity that's likewise divided. This is an ongoing conflict. Fatalties estimate are based on The Polynational War Memorial.,Turkey,1,"Euro, Asia","Europe, Asia","28,655",Turkey Gov vs Kurdistan Guerilla (PPK),[1],http://www.war-memorial.net/Turkey-Gov-vs-Kurdistan-Guerilla-(PPK)---3.227
Sudan Govt vs Militias,1983,2014,31,"This conflict is ongoing. End year has been updated, but number of deaths refer to The Polynational War Memorial. Wikipedia fatalities estimate: 178,258_461,520",Sudan,1,Africa,Africa,"97,099",Sudan Government vs Militias,[1],http://www.war-memorial.net/Sudan-Government-vs-Militias-3.222
Somali Civil War,1982,2014,32,"End year and fatailties corrected, based on the list of ongoing armed conflicts (wikipedia)",Somalia,1,Africa,Africa,"500,000",Somalia Civil War,[2],http://en.wikipedia.org/wiki/Somali_Civil_War
Uganda Civil War,1980,2014,34,"This conflict is ongoing. End year has been updated, but number of deaths refers to The Polynational War Memorial.","Uganda, Tanzania, Sudan",3,Africa,Africa,"127,529",Uganda Civil War,[1],http://www.war-memorial.net/Uganda-Civil-War--3.182
Mozambique Govt vs RENAMO and FRELIMO,1977,2013,36,,Mozambique,1,Africa,Africa,"115,889",Mozambique Govt vs RENAMO and FRELIMO,,http://www.war-memorial.net/Mozambique-Govt-vs-RENAMO-and-FRELIMO-3.195
Ethiopia vs Oromia rebels,1977,2014,37,"This conflict is ongoing. End year has been updated, but number of deaths refers to The Polynational War Memorial.",Ethiopia,1,Africa,Africa,"2,735",Ethiopia vs Oromia rebels (OLF),[1],http://www.war-memorial.net/Ethiopia-vs-Oromia-rebels-(OLF)-3.264
Ethiopian Govt vs Ogadeni Rebels,1976,2014,38,"This conflict is ongoing. End year has been updated, but number of deaths refers to The Polynational War Memorial.","Ethiopia, Somalia, Cuba",3,"Africa, South America",Africa,"23,265",Ethiopian Govt vs Ogadeni Rebels - WSLF/ONLF/AIAI,,http://www.war-memorial.net/Ethiopian-Govt-vs-Ogadeni-Rebels---WSLF/ONLF/AIAI-3.176
Philippines Govt vs Mindanao Guerillas,1970,2014,44,"This conflict is ongoing. End year has been updated, but number of deaths refers to The Polynational War Memorial.",Philippines,1,Asia,Asia,"17,393",Philippines Govt vs Mindanao Guerillas,,http://www.war-memorial.net/Philippines-Govt-vs-Mindanao-Guerillas-3.218
Philippine Govt vs CPP Guerrilla,1969,2013,44,,Philippines,1,Asia,Asia,"24,626",Philippine Government vs CPP Guerrilla,,http://www.war-memorial.net/Philippine-Government-vs-CPP-Guerrilla-3.236
Colombia Govt vs Guerillas Farc and ELN,1964,2013,49,,Colombia,1,South America,South America,"26,875",Colombia Govt vs Guerillas Farc and ELN,[3],http://www.war-memorial.net/Colombia-Govt-vs-Guerillas-Farc-and-ELN-3.226
Burmese Govt vs Separatist Guerillas,1949,2014,65,"This conflict is ongoing. End date has been updated, but number of deaths refers to The Polynational War Memorial.",Myanmar,1,Asia,Asia,"49,862",Burmese Government vs Separatist Guerillas,,http://www.war-memorial.net/Burmese-Government-vs-Separatist-Guerillas-3.225
Mexican Drug War,2006,2014,8,End year and fatalities are based on the list of ongoing armed conflicts (wikipedia).,Mexico,1,North America,North America,"150,000",Mexican Drug War,[3],http://en.wikipedia.org/wiki/Mexican_Drug_War
Israel vs Palestine,1949,2014,65,"End year and fatalities are based on the list of ongoing armed conflicts (wikipedia).  21,500 killed overall (estimate December 2013)","Israel, Palestine",2,Asia,Asia,"21,500",Israel vs Palestine,[6],http://www.war-memorial.net/Israel-vs-Palestine-3.217
Libyan Civil War,2011,2011,0,,Libya,1,Africa,Africa,"2,082",Libyan Civil War,[3],http://www.war-memorial.net/Libyan-Civil-War-3.259
Tajikistan Govt vs Opposition,1992,2011,19,,Tajikistan,1,Asia,Asia,"9,145",Tajikistan Govt vs Opposition,,http://www.war-memorial.net/Tajikistan-Govt-vs-Opposition-3.211
Senegal Civil War,1990,2011,21,,Senegal,1,Africa,Africa,"1,657",Senegal Civil War,,http://www.war-memorial.net/Senegal-Civil-War-3.213
Iran vs rebel groups,1979,2011,32,,Iran,1,Asia,Asia,"5,035","Iran vs rebel groups (MEK,PJAK etc)",,"http://www.war-memorial.net/Iran-vs-rebel-groups-(MEK,PJAK-etc)-3.233"
Chad Civil War,1966,2010,44,,"Chad, France, Libya",3,"Africa, Europe",Africa,"36,077",Chad Civil War,,http://www.war-memorial.net/Chad-Civil-War--3.188
Peruvian Govt vs Sendero Luminoso and MRTA,1965,2010,45,,Peru,1,South America,South America,"17,250",Peruvian Gvt vs Sendero Luminoso and MRTA,[1],http://www.war-memorial.net/Peruvian-Gvt-vs-Sendero-Luminoso-and-MRTA--3.221
Sri Lankan Govt vs Tamil Militants,1984,2009,25,,Sri Lanka,1,Asia,Asia,"73,818",Sri Lankan Govt vs Tamil Militants (LTTE),[8],http://www.war-memorial.net/Sri-Lankan-Govt-vs-Tamil-Militants-(LTTE)-3.224
Burundi Civil War,1991,2008,17,,Burundi,1,Africa,Africa,"15,651",Burundi Civil War,[2],http://www.war-memorial.net/Burundi-Civil-War-3.239
Nepal Civil War,1996,2006,10,,Nepal,1,Asia,Asia,"12,274",Nepal Civil War,[1],http://www.war-memorial.net/Nepal-Civil-War-3.251
Southern Lebanon War,1990,2006,16,,"Israel, Lebanon",2,Asia,Asia,"1,712",Southern Lebanon War,[3],http://www.war-memorial.net/Southern-Lebanon-War-3.252
Indonesia Govt vs Aceh Liberation movement,1990,2005,15,,Indonesia,1,Asia,Asia,"2,841",Indonesia Gvt vs Aceh Liberation movement,,http://www.war-memorial.net/Indonesia-Gvt-vs-Aceh-Liberation-movement--3.230
Ivorian Civil War ,2002,2004,2,,Cote d'Ivoire,1,Africa,Africa,"1,370",Civil War in C�te d Ivoire,[1],http://www.war-memorial.net/Civil-War-in-C%C3%B4te-d-Ivoire--3.248
Ituri Conflict,1999,2004,5,,Demogratic Republic of the Congo,1,Africa,Africa,"12,664",Ituri Conflict,,http://www.war-memorial.net/Ituri-Conflict-3.321
Iraq vs United States led coalition,2003,2003,0,,"Iraq, United States, United Kingdom, Austria, Poland",5,"Asia, North America, Europe",Asia,"8,202",Iraq vs US led coalition,[10],http://www.war-memorial.net/Iraq-vs-US-led-coalition-3.244
First and Second Congo Wars,1996,2003,7,,"Democratic Republic of the Congo, Rwanda, Uganda, Angola, Zimbabwe, Namibia, Chad",7,Africa,Africa,"79,858",First and Second Congo Wars,[1],http://www.war-memorial.net/First-and-Second-Congo-Wars-3.238
Liberia Civil War,1989,2003,14,,Liberia,1,Africa,Africa,"15,970",Liberia Civil War,[2],http://www.war-memorial.net/Liberia-Civil-War-3.209
Congo Brazzaville Civil War,1993,2002,9,,"Congo, Angola",2,Africa,Africa,"15,541",Congo Brazzaville Civil War,[1],http://www.war-memorial.net/Congo-Brazzaville-Civil-War-3.214
Angolan Govt vs UNITA Guerilla,1975,2002,27,,"Angola, Cuba, Namibia, South Africa, Democratic Republic of the Congo",5,Africa,Africa,"114,898",Angolan Gvt vs UNITA Guerilla,[1],http://www.war-memorial.net/Angolan-Gvt-vs-UNITA-Guerilla-3.219
Sierra Leone Civil War,1991,2001,10,,Sierra Leone,1,Africa,Africa,"18,119",Sierra Leone Civil War,[2],http://www.war-memorial.net/Sierra-Leone-Civil-War-3.234
Eritrea vs Ethiopia,2000,2000,0,,"Eritrea, Ethiopia",2,Africa,Africa,"98,192",Eritrea vs Ethiopia,[1],http://www.war-memorial.net/Eritrea-vs-Ethiopia-3.240
Afghanistan Civil War,1978,2000,22,,"Afghanistan, Soviet Union",2,Asia,Asia,"529,501",Afghanistan Civil War,[4],http://www.war-memorial.net/Afghanistan-Civil-War-3.220
Yugoslavia vs NATO Forces and UCK Guerilla,1998,1999,1,,"Serbia, Kosovo, Yugoslavia",3,Europe,Europe,"3,613",Yugoslavia vs NATO Forces and UCK Guerilla,[5],http://www.war-memorial.net/Yugoslavia-vs-NATO-Forces-and-UCK-Guerilla-3.216
Indonesian Govt vs Fretilin - East Timor,1975,1999,24,,"Indonesia, East Timor",2,Asia,Asia,"76,550",Indonesian Govt vs Fretilin - East Timor,[1],http://www.war-memorial.net/Indonesian-Govt-vs-Fretilin---East-Timor--3.212
Cambodian Govt vs Khmer Rouge,1979,1998,19,,Cambodia,1,Asia,Asia,"87,520",Cambodian Govt vs Khmer Rouge,,http://www.war-memorial.net/Cambodian-Govt-vs-Khmer-Rouge-3.210
"Northern Ireland, The Troubles",1971,1998,27,,"Ireland, United Kingdom",2,Europe,Europe,"3,010","Northern Ireland, The Troubles",[4],"http://www.war-memorial.net/Northern-Ireland,-The-Troubles-3.201"
Iraq vs Kurdistan,1982,1996,14,,Iraq,1,Asia,Asia,"20,620",Iraq vs Kurdistan (KDP/PUK),[1],http://www.war-memorial.net/Iraq-vs-Kurdistan-(KDP/PUK)-3.198
Iraq Government vs SCIRI,1982,1996,14,,Iraq,1,Asia,Asia,"1,165",Iraq Government vs SCIRI,,http://www.war-memorial.net/Iraq-Government-vs-SCIRI-3.232
Iranian Govt vs KDPI,1966,1996,30,,Iran,1,Asia,Asia,"2,618",Iranian Govt vs KDPI,,http://www.war-memorial.net/Iranian-Govt-vs-KDPI--3.172
Bosnian Govt vs Serbian and Croatian Insurgents,1992,1995,3,,"Bosnia and Hergovina, Serbia",2,Europe,Europe,"29,103",Bosnian Govt vs Serbian and Croatian Insurgents,[7],http://www.war-memorial.net/Bosnian-Govt-vs-Serbian-and-Croatian-Insurgents--3.206
Croatia vs Serbian Irregulars,1992,1995,3,,"Serbia, Croatia",2,Europe,Europe,"1,442","Croatia vs Serbian Irregulars, Rep. Krajina",[3],"http://www.war-memorial.net/Croatia-vs-Serbian-Irregulars,-Rep.-Krajina-3.196"
Guatemalan Civil War,1965,1995,30,,Guatemala,1,North America,North America,"45,392",Guatemalan Civil War,[2],http://www.war-memorial.net/Guatemalan-Civil-War-3.205
North Yemen vs Secessionists,1994,1994,0,,Yemen,1,Asia,Asia,"1,489",North Yemen vs Secessionists,,http://www.war-memorial.net/North-Yemen-vs-Secessionists--3.204
Nagorno-Karabakh War,1990,1994,4,,"Azerbaijan, Armenia, Soviet Union",3,Asia,Asia,"5,065",Nagorno-Karabakh War,[1],http://www.war-memorial.net/Nagorno-Karabakh-War--3.250
Rwanda Civil War ,1990,1994,4,,"Rwanda, Burundi, France, Democratic Republic of the Congo",4,"Africa, Europe",Africa,"520,718",Rwanda Civil War (Hutus vs Tutsis),[3],http://www.war-memorial.net/Rwanda-Civil-War-(Hutus-vs-Tutsis)----3.202
Burmese Govt vs Communist Guerillas,1948,1994,46,,Myanmar,1,Asia,Asia,"17,700",Burmese Govt vs Communist Guerillas,,http://www.war-memorial.net/Burmese-Govt-vs-Communist-Guerillas---3.168
Georgian Civil War,1992,1993,1,,Georgia,1,Europe,Europe,"2,752",Georgian Civil War,,http://www.war-memorial.net/Georgian-Civil-War-3.199
Indian Govt vs Sikh insurgents,1983,1993,10,,India,1,Asia,Asia,"11,160",Indian Govt vs Sikh insurgents,[2],http://www.war-memorial.net/Indian-Govt-vs-Sikh-insurgents-3.229
Serbian Govt. vs Croatian irregulars,1991,1991,0,,"Serbia",2,Europe,Europe,"3,933",Serbian Govt. vs Croatian irregulars,,http://www.war-memorial.net/Serbian-Govt.-vs-Croatian-irregulars-3.313
First Gulf War,1990,1991,1,,"United States, Iraq, United Kingdom, Kuwait, Saudi Arabia, Philippines, Argentina",7,"Asia, North America, South America, Europe",Asia,"22,848",First Gulf War,[4],http://www.war-memorial.net/First-Gulf-War-3.192
El Salvador Gvt vs FMLN Guerrillas,1979,1991,12,,El Salavador,1,North America,North America,"51,663",El Salvador Gvt vs FMLN Guerrillas,[2],http://www.war-memorial.net/El-Salvador-Gvt-vs-FMLN-Guerrillas-3.194
Ethiopian Government vs EPRDF,1976,1991,15,,Ethiopia,1,Africa,Africa,"56,003",Ethiopian Government vs EPRDF,,http://www.war-memorial.net/Ethiopian-Government-vs-EPRDF-3.191
Ethiopia vs Eritrean Separatists ELF/EPLF,1964,1991,27,,"Eritrea, Ethiopia",2,Africa,Africa,"168,510",Ethiopia vs Eritrean Separatists ELF/EPLF,,http://www.war-memorial.net/Ethiopia-vs-Eritrean-Separatists-ELF/EPLF--3.190
Nicaragua Govt vs Contras,1981,1990,9,,Nicaragua,1,South America,South America,"29,964",Nicaragua Govt vs Contras,[1],http://www.war-memorial.net/Nicaragua-Govt-vs-Contras--3.189
Lebanese Civil War,1975,1990,15,,"Lebanon, Syria, Israel, France, United States",5,"Asia, Europe, North America",Asia,"131,104",Lebanese Civil War,[7],http://www.war-memorial.net/Lebanese-Civil-War--3.187
Sri Lanka Govt vs JVP,1971,1990,19,,Sri Lanka,1,Asia,Asia,"2,018",Sri Lanka Govt vs JVP,[1],http://www.war-memorial.net/Sri-Lanka-Govt-vs-JVP-3.185
Panama Coup and United States Invasion,1989,1989,0,,"Panama, United States",2,"North America","North America",920,Panama Coup and US Invasion,,http://www.war-memorial.net/Panama-Coup-and-US-Invasion-3.316
Romanian Revolution,1989,1989,0,,Romania,1,Europe,Europe,909,Romanian Revolution,,http://www.war-memorial.net/Romanian-Revolution-3.327
Western Sahara War,1975,1989,14,,"Morocco, Western Sahara, Mauritania",3,Africa,Africa,"12,687",Western Sahara War,[1],http://www.war-memorial.net/Western-Sahara-War--3.193
Iran vs Iraq,1980,1988,3,,"Iraq, Iran",2,Asia,Asia,"644,500",Iran vs Iraq,[4],http://www.war-memorial.net/Iran-vs-Iraq-3.183
South Africa vs ANC,1981,1988,7,,South Africa,1,Africa,Africa,"4,087",South Africa vs ANC,,http://www.war-memorial.net/South-Africa-vs-ANC-3.317
Sino-Vietnamese War,1978,1988,10,,"Vietnam, China",2,Asia,Asia,"47,046",Sino-Vietnamese War,,http://www.war-memorial.net/Sino-Vietnamese-War--3.167
Namibia vs South Africa,1966,1988,22,,"Namibia, South Africa",2,Africa,Africa,"10,000",Namibia vs South Africa,[5],http://www.war-memorial.net/Namibia-vs-South-Africa-3.181
Chadian-Lybian War (Aouzou Strip),1987,1987,0,,"Libya, Chad",2,Africa,Africa,"8,500",Chadian-Lybian War (Aouzou Strip),,http://www.war-memorial.net/Chadian-Lybian-War-(Aouzou-Strip)-3.326
South Yemen Coup,1986,1986,0,,Yemen,1,Asia,Asia,"10,000",South Yemen Coup,,http://www.war-memorial.net/South-Yemen-Coup-3.179
Falklands War,1982,1982,0,,"UK, Argentina, Falkland Islands",3,"Europe, South America",South America,964,Falklands War,[5],http://www.war-memorial.net/Falklands-War-3.173
Syrian Govt vs Muslim Brotherhood,1979,1982,3,,Syria,1,Asia,Asia,"2,075",Syrian Govt vs Muslim Brotherhood,,http://www.war-memorial.net/Syrian-Govt-vs-Muslim-Brotherhood-3.171
Thai Govt vs CPT,1974,1982,8,,Thailand,1,Asia,Asia,"3,425",Thai Govt vs CPT,,http://www.war-memorial.net/Thai-Govt-vs-CPT-3.322
Nicaraguan Gvt vs Sandinistas,1978,1979,1,,Nicaragua,1,South America,South America,"10,000",Nicaraguan Gvt vs Sandinistas,[1],http://www.war-memorial.net/Nicaraguan-Gvt-vs-Sandinistas-3.164
Uganda vs Tanzania,1978,1979,1,,"Uganda, Tanzania",2,Africa,Africa,"3,847",Uganda vs Tanzania,,http://www.war-memorial.net/Uganda-vs-Tanzania--3.165
Iranian Revolution,1978,1979,1,,Iran,1,Asia,Asia,"1,100",Iranian Revolution,,http://www.war-memorial.net/Iranian-Revolution-3.166
"Rhodesian Government vs ZANU,ZAPU,PF",1967,1979,12,,Zimbabwe,1,Africa,Africa,"27,080","Rhodesian Government vs ZANU,ZAPU,PF",[3],"http://www.war-memorial.net/Rhodesian-Government-vs-ZANU,ZAPU,PF-3.161"
Vietnam vs Cambodia (Kampuchea),1978,1978,0,,"Vietnam, Cambodia",2,Asia,Asia,"32,500",Vietnam vs Cambodia (Kampuchea),,http://www.war-memorial.net/Vietnam-vs-Cambodia-(Kampuchea)--3.163
Indonesian annexation of West Papua,1962,1978,16,,"Indonesia, Netherlands",2,"Asia, Euope",Asia,"8,700",Indonesian annexation of West Papua,,http://www.war-memorial.net/Indonesian-annexation-of-West-Papua-3.304
Balochistan Insurgency,1974,1977,3,,Pakistan,1,Asia,Asia,"8,600",Balochistan Insurgency,,http://www.war-memorial.net/Balochistan-Insurgency-3.159
Argentina: Civil War and Dirty War,1974,1977,3,,Argentina,1,South America,South America,"4,677",Argentina: Civil War and Dirty War,[2],http://www.war-memorial.net/Argentina--Civil-War-and-Dirty-War-3.174
Chinese Cultural Revolution,1967,1976,9,,China,1,Asia,Asia,"2,050,000",Chinese Cultural Revolution,[1],http://www.war-memorial.net/Chinese-Cultural-Revolution-3.136
Cambodian Civil War,1967,1975,8,,"Cambodia, Vietnam",2,Asia,Asia,"250,000",Cambodian Civil War,,http://www.war-memorial.net/Cambodian-Civil-War--3.157
Vietnam War,1965,1975,10,,"Vietnam, United States, Australia, New Zealand, Thailand",5,"Asia, North America",Asia,"2,048,050",Vietnam War,[7],http://www.war-memorial.net/Vietnam-War--3.156
Angolan War of Independence,1961,1975,14,,"Portugal, Angola",2,"Africa, Europe",Africa,"79,000",Angolan War of Independence,[1],http://www.war-memorial.net/Angolan-War-of-Independence-3.154
Turko Cypriot War,1974,1974,0,,"Turkey, Greece, Cyprus",3,"Europe, Asia",Europe,"5,000",Turko Cypriot War,,http://www.war-memorial.net/Turko-Cypriot-War--3.153
Mozambique War of Independence,1964,1974,10,,"Mozambique, Portugal",2,"Africa, Europe",Africa,"13,500",Mozambique War of Independence,[2],http://www.war-memorial.net/Mozambique-War-of-Independence-3.155
Chilean MIlitary Coup,1973,1973,0,,Chile,1,South America,South America,"2,095",Chilean MIlitary Coup,[2],http://www.war-memorial.net/Chilean-MIlitary-Coup-3.186
Yom Kippur War,1973,1973,0,,"Israel, Egypt, Syria",3,"Asia, Africa",Asia,"6,450",Yom Kippur War,[1],http://www.war-memorial.net/Yom-Kippur-War--3.151
Guinea Bissau War of Independence,1963,1973,10,,"Portugal, Guinea-Bissau",2,"Africa, Europe",Africa,"15,000",Guinea Bissau War of Independence,[1],http://www.war-memorial.net/Guinea-Bissau-War-of-Independence-3.152
Laos Civil War,1959,1973,14,,"Laos, Thailand, United States",3,"Asia, North America",Asia,"21,500",Laos Civil War,,http://www.war-memorial.net/Laos-Civil-War-3.123
Hutu Rebellion,1972,1972,0,,Burundi,1,Africa,Africa,"153,000",Hutu Rebellion,,http://www.war-memorial.net/Hutu-Rebellion-3.149
Sudan Government vs Insurgents,1963,1972,9,,Sudan,1,Africa,Africa,"10,000",Sudan Government vs Insurgents,,http://www.war-memorial.net/Sudan-Government-vs-Insurgents-3.147
Bangladesh War,1971,1971,0,"Si consultas la misma visualización publicada en The Infographic History of the World, ten en cuenta que los datos de origen han sido actualizados.","India, Pakistan, Bangladesh",3,Asia,Asia,"50,000",Bangladesh War,[4],http://www.war-memorial.net/Bangladesh-War--3.145
Second Kashmir War,1964,1971,7,,"India, Pakistan",2,Asia,Asia,"16,327",Second Kashmir War,[2],http://www.war-memorial.net/Second-Kashmir-War-3.131
Israel vs Egypt,1969,1970,1,,"Israel, Egypt",2,"Asia, Africa",Asia,"5,520",Israel vs Egypt,,http://www.war-memorial.net/Israel-vs-Egypt-3.141
Nigerian Civil War,1967,1970,3,,Nigeria,1,Africa,Africa,"75,000",Nigerian Civil War,[2],http://www.war-memorial.net/Nigerian-Civil-War--3.140
North Yemen Civil War,1962,1970,8,,Yemen,1,Asia,Asia,"10,000",North Yemen Civil War,,http://www.war-memorial.net/North-Yemen-Civil-War-3.137
First Kurdish_Iraqi War,1961,1970,9,,Iraq,1,Asia,Asia,"6,600",First Kurdish_Iraqi War,,http://www.war-memorial.net/First-Kurdish%E2%80%93Iraqi-War-3.125
Football War Honduras vs El Salvador,1969,1969,0,,"Honduras, El Salvador",2,North America,North America,"2,107",Football War Honduras vs El Salvador,,http://www.war-memorial.net/Football-War-Honduras-vs-El-Salvador--3.139
The Six Day War,1967,1967,0,,"Israel, Jordan, Egypt, Syria",4,"Asia, Africa",Asia,"5,413",The Six Day War,[1],http://www.war-memorial.net/The-Six-Day-War--3.134
Dominican Republic Coup,1965,1965,0,,"Dominican Republic, United States",2,"North America",North America,"4,027",Dominican Republic Coup,,http://www.war-memorial.net/Dominican-Republic-Coup---3.130
Congo Crisis,1960,1965,5,,"Democratic Republic of the Congo, United States, Belgium, Congo",4,"Africa, Europe, North America",Africa,"7,175",Congo Crisis,[2],http://www.war-memorial.net/Congo-Crisis-3.128
First Rwanda Civil War,1963,1964,1,,Rwanda,1,Africa,Africa,"1,000",First Rwanda Civil War,,http://www.war-memorial.net/First-Rwanda-Civil-War-3.127
Vietnam Civil War,1955,1964,9,,"Vietnam, United States",2,"Asia, North America",Asia,"164,923",Vietnam Civil War,,http://www.war-memorial.net/Vietnam-Civil-War-3.129
Sino-Indian War,1962,1962,0,,"China, India",2,Asia,Asia,"2,105",Sino-Indian War,[2],http://www.war-memorial.net/Sino-Indian-War-3.124
Algerian War of Independece,1954,1962,8,,"France, Algeria",2,"Africa, Europe",Africa,"184,886",Algerian War of Independece,[2],http://www.war-memorial.net/Algerian-War-of-Independece-3.122
Bizerte Crisis,1961,1961,0,,"Tunisia, France",2,"Africa, Europe",Africa,"1,394",Bizerte Crisis,,http://www.war-memorial.net/Bizerte-Crisis-3.324
Cameroonian Govt vs UPC,1960,1961,1,,Cameroon,1,Africa,Africa,"60,000",Cameroonian Govt vs UPC,,http://www.war-memorial.net/Cameroonian-Govt-vs-UPC-3.325
"Indonesia vs PRRI, Permesta and Darul Islam",1953,1961,8,,"Indonesia, United States",2,"Asia, North America",Asia,"33,965","Indonesia vs PRRI, Permesta and Darul Islam",,"http://www.war-memorial.net/Indonesia-vs-PRRI,-Permesta-and-Darul-Islam-3.119"
Cuban Revolution,1953,1961,8,,Cuba,1,North America,North America,"1,205",Cuban Revolution,,http://www.war-memorial.net/Cuban-Revolution-3.115
1959 Mosul uprising in Iraq,1959,1959,0,,Iraq,1,Asia,Asia,"2,000",1959 Mosul uprising in Iraq,[1],http://www.war-memorial.net/1959-Mosul-uprising-in-Iraq-3.116
Cameroon War of Independence,1957,1959,2,,"Cameroon, France",2,"Africa, Europe",Africa,"11,700",Cameroon War of Independence,,http://www.war-memorial.net/Cameroon-War-of-Independence-3.118
Tibetan Uprising,1956,1959,3,,China,1,Asia,Asia,"16,000",Tibetan Uprising,,http://www.war-memorial.net/Tibetan-Uprising-3.117
First Lebanese War,1958,1958,0,,Lebanon,1,Asia,Asia,"1,400",First Lebanese War,,http://www.war-memorial.net/First-Lebanese-War-3.114
La Violencia,1948,1958,10,,Colombia,1,South America,South America,"29,800",La Violencia,,http://www.war-memorial.net/La-Violencia--3.88
Malayan Civil War,1948,1957,9,,"Malysia, United Kingdom, Australia",3,"Asia, Euope",Asia,"10,845",Malayan Civil War,[2],http://www.war-memorial.net/Malayan-Civil-War-3.113
Soviet Invasion of Hungary,1956,1956,0,,"Hungary, Soviet Union",2,"Asia, Euope",Europe,"3,171",Soviet Invasion of Hungary,[2],http://www.war-memorial.net/Soviet-Invasion-of-Hungary-3.111
Sinai War,1956,1956,0,,"Israel, Egypt, France, United Kingdom",4,"Asia, Euope",Asia,"2,142",Sinai War,[2],http://www.war-memorial.net/Sinai-War-3.112
"Kenya, Mau-Mau vs UK",1954,1956,2,,"Kenya, United Kingdom",2,"Africa, Europe",Africa,"12,955","Kenya, Mau-Mau vs UK",[3],"http://www.war-memorial.net/Kenya,-Mau-Mau-vs-UK-3.110"
Tunisian war of Independence,1953,1956,3,,"Tunisia, France",2,"Africa, Europe",Africa,"2,000",Tunisian war of Independence,,http://www.war-memorial.net/Tunisian-war-of-Independence-3.105
Moroccan War of Independence,1953,1956,3,,"Morocco, France, Spain",3,"Africa, Europe",Africa,"1,000",Moroccan War of Independence,,http://www.war-memorial.net/Moroccan-War-of-Independence-3.109
Taiwan Strait Crisis,1949,1954,5,,"Taiwan, China, United States",3,"Asia, North America",Asia,"10,025",Taiwan Strait Crisis,,http://www.war-memorial.net/Taiwan-Strait-Crisis-3.305
First Indochina War Comm. vs France,1946,1954,8,,"France, Vietnam",2,"Asia, Euope",Asia,"377,523",First Indochina War Comm. vs France,[2],http://www.war-memorial.net/First-Indochina-War-Comm.-vs-France-3.103
"Philippines, Huk rebels vs Govt",1946,1954,8,,Philippines,1,Asia,Asia,"9,695","Philippines, Huk rebels vs Govt",,"http://www.war-memorial.net/Philippines,-Huk-rebels-vs-Govt-3.99"
Korean War,1949,1953,4,,"North Korea, South Korea, China, United States, Australia",5,"Asia, North America",Asia,"995,025",Korean War,[11],http://www.war-memorial.net/Korean-War-3.101
Bolivian Revolution,1952,1952,0,,Bolivia,1,South America,South America,"1,000",Bolivian Revolution,,http://www.war-memorial.net/Bolivian-Revolution-3.98
Indian Govt vs Communist Rebels CPI,1948,1951,3,,India,1,Asia,Asia,"4,000",Indian Govt vs Communist Rebels CPI,,http://www.war-memorial.net/Indian-Govt-vs-Communist-Rebels-CPI-3.318
Soviet Union vs Baltic Partisans,1945,1951,6,,"Soviet Union, Latvia, Estonia, Lithuania",4,"Asia, Euope",Europe,"32,400",Soviet Union vs Baltic Partisans,,http://www.war-memorial.net/Soviet-Union-vs-Baltic-Partisans-(%E2%80%99%E2%80%99Forest-Brethren%E2%80%99%E2%80%99)-3.302
Indonesian Govt vs Republic of South Moluccas,1950,1950,0,,Indonesia,1,Asia,Asia,"1,000",Indonesian Govt vs Republic of South Moluccas,,http://www.war-memorial.net/Indonesian-Govt-vs-Republic-of-South-Moluccas-3.323
Third Sino-Tibetan War,1950,1950,0,,China,1,Asia,Asia,"4,000",Third Sino-Tibetan War,,http://www.war-memorial.net/Third-Sino-Tibetan-War-3.97
Arab-Israeli War,1948,1949,1,,"Israel, Jordan, Egypt, Syria, Lybia, Iraq",6,"Asia, Africa",Asia,"21,111",Arab-Israeli War,[1],http://www.war-memorial.net/Arab-Israeli-War-3.91
Cheju Rebellion in South Korea,1948,1949,1,,South Korea,1,Asia,Asia,"17,000",Cheju Rebellion in South Korea,[1],http://www.war-memorial.net/Cheju-Rebellion-in-South-Korea-3.308
Chinese Civil War,1946,1949,3,,China,1,Asia,Asia,"1,200,000",Chinese Civil War,[1],http://www.war-memorial.net/Chinese-Civil-War-3.95
Greece Civil War,1946,1949,3,,Greece,1,Europe,Europe,"154,000",Greece Civil War,,http://www.war-memorial.net/Greece-Civil-War-3.92
Costa Rican Civil War,1948,1948,0,,Costa Rica,1,South America,South America,"2,000",Costa Rican Civil War,,http://www.war-memorial.net/Costa-Rican-Civil-War-3.87
Yemeni Imamate War,1948,1948,0,,Yemen,1,Asia,Asia,"4,000",Yemeni Imamate War,,http://www.war-memorial.net/Yemeni-Imamate-War-3.89
First Kashmir War,1948,1948,0,,"India, Pakistan",2,Asia,Asia,"7,500",First Kashmir War,,http://www.war-memorial.net/First-Kashmir-War-3.94
Civil War in Mandatory Palestine,1947,1948,1,,"United Kingdom, Palestine",2,"Asia, Euope",Asia,"4,009",Civil War in Mandatory Palestine,[2],http://www.war-memorial.net/Civil-War-in-Mandatory-Palestine-3.265
Telangana Rebellion and Indo-Hyderabad War,1947,1948,1,,India,1,Asia,Asia,"4,360",Telangana Rebellion and Indo-Hyderabad War,,http://www.war-memorial.net/Telangana-Rebellion-and-Indo-Hyderabad-War-3.303
Indian Partition Communal Violence,1947,1948,1,,"India, Pakistan",2,Asia,Asia,"200,000",Indian Partition Communal Violence,,http://www.war-memorial.net/Indian-Partition-Communal-Violence-3.90
Taiwanese revolt,1947,1947,0,,"Taiwan, China",2,Asia,Asia,"1,000",Taiwanese revolt,[1],http://www.war-memorial.net/Taiwanese-revolt-3.86
Madagascar Rebellion,1947,1947,0,,"France, Madagascar",2,"Africa, Europe",Africa,"6,952",Madagascar Rebellion,[1],http://www.war-memorial.net/Madagascar-Rebellion-3.93
Paraguayan Gvt vs Rebels,1947,1947,0,,Paraguay,1,South America,South America,"4,000",Paraguayan Gvt vs Rebels,,http://www.war-memorial.net/Paraguayan-Gvt-vs--Rebels-3.85
Poland and Soviet Union vs Ukrainian Partisans,1945,1947,2,,"Soviet Union, Poland, Ukraine",3,"Asia, Euope",Asia,"59,700",Poland and Soviet Union vs Ukrainian Partisans,,http://www.war-memorial.net/Poland-and-Soviet-Union-vs-Ukrainian-Partisans-3.301
Indonesian Independence,1945,1946,1,,"Indonesia, Netherlands, United Kingdom",3,"Asia, Euope",Asia,"5,400",Indonesian Independence,,http://www.war-memorial.net/Indonesian-Independence-3.84
World War II,1939,1945,6,"Si consultas la misma visualización publicada en The Infographic History of the World, ten en cuenta que los datos de origen han sido actualizados."," Australia, United Kingdom, United States, France, Italy, Germany, Denmark, Netherlands, Soviet Union, Japan, Norway, Finland, Spain, Poland, Austria, Spain, Greece, China, Canada, New Zealand, India, South Africa, Belgium, Czech Republic, Ethiopia, Mexico, Hungary, Romania, Bulgaria, Finland, Thailand, Iraq, Costa Rica, Yugoslavia",34,"Asia, Europe, North America, South America, Africa","Asia, Europe, North America, South America, Africa","50,000,000",World War II,[36],http://www.war-memorial.net/World-War-II--3.83
Franco-Thai War,1940,1941,1,,"Thailand, France, United Kingdom",3,"Europe, Asia",Asia,"1,400",Franco-Thai War,[1],http://www.war-memorial.net/Franco-Thai-War-3.82
Third Sino-Japanese War,1937,1941,4,,"Japan, China",2,Asia,Asia,"1,000,000",Third Sino-Japanese War,[6],http://www.war-memorial.net/Third-Sino-Japanese-War-3.81
The Winter War in Finland,1939,1940,1,,"Finland, Soviet Union",2,"Europe, Asia",Europe,"151,798",The Winter War in Finland,[1],http://www.war-memorial.net/The-Winter-War-in-Finland-3.80
The battle of Khalkhin Gol,1939,1939,0,,"Japan, Soviet Union",2,"Europe, Asia",Asia,"28,000",The battle of Khalkhin Gol,,http://www.war-memorial.net/The-battle-of-Khalkhin-Gol-3.79
Spanish Civil War,1936,1939,3,Participant list was updated. ,"Spain, Germany, Italy, Portugal, Soviet Union, Mexico",4,"Europe, North America","Europe, Africa","466,300",Spanish Civil War,[1],http://www.war-memorial.net/Spanish-Civil-War--3.78
Arab revolt in Mandatory Palestine,1936,1939,3,Palestine was added to participant list.,"United Kingdom, Palestine",2,"Europe, Asia",Asia,"2,576",Arab revolt in Mandatory Palestine,,http://www.war-memorial.net/-Arab-revolt-in-Mandatory-Palestine-3.299
Second British-Waziristan,1936,1939,3,Pakistan and India were added to participants list.,"United Kingdom, Pakistan, India",3,"Europe, Asia",Asia,"10,200",Second British-Waziristan,,http://www.war-memorial.net/Second-British-Waziristan-3.300
Changkufeng Incident,1938,1938,0,"Although Russia is a transcontinental country which straddles Euroasia, this conflict took place in Asia.","Japan, Soviet Union, China",3,"Europe, Asia",Asia,"1,726",Changkufeng Incident,,http://www.war-memorial.net/Changkufeng-Incident-3.75
Italo-Ethiopian War,1935,1936,1,,"Italy, Ethiopia",2,"Europe, Africa",Africa,"20,000",Italo-Ethiopian War,,http://www.war-memorial.net/Italo-Ethiopian-War-3.73
Chaco War,1932,1935,3,,"Paraguay, Bolivia",2,Asia,Asia,"92,661",Chaco War,,http://www.war-memorial.net/Chaco-War-3.72
Communists vs Koumintang,1930,1935,5,,China,1,Asia,Asia,"500,000",Communists vs Koumintang,,http://www.war-memorial.net/Communists-vs-Koumintang-3.71
Saudi-Yemeni War,1934,1934,0,,"Saudi Arabia, Yemen",2,Asia,Asia,"2,100",Saudi-Yemeni War,,http://www.war-memorial.net/Saudi-Yemeni-War-3.298
Spanish Socialists vs Govt,1934,1934,0,,Spain,1,Europe,Europe,"1,335",Spanish Socialists vs Govt,,http://www.war-memorial.net/Spanish-Socialists-vs-Govt-3.69
Xinjiang Muslim Revolt,1931,1934,3,"Although Russia is a transcontinental country which straddles Euroasia, this conflict took place in Asia.","Soviet Union, China",2,Asia,Asia,"21,000",Xinjiang Muslim Revolt,,http://www.war-memorial.net/Xinjiang-Muslim-Revolt-3.296
Manchurian War,1931,1933,2,,"Japan, China",2,Asia,Asia,"60,000",Manchurian War,[2],http://www.war-memorial.net/Manchurian-War-3.67
La Matanza ,1932,1932,0,,El Salvador,1,North America,North America,"2,600","El Salvador, La Matanza",,"http://www.war-memorial.net/El-Salvador,-La-Matanza-3.65"
Brazilian Revolt,1932,1932,0,,Brazil,1,South America,South America,"1,000",Brazilian Revolt,,http://www.war-memorial.net/Brazilian-Revolt-3.66
Aprista Revolt in Peru,1932,1932,0,,Peru,1,South America,South America,"1,100",Aprista Revolt in Peru,,http://www.war-memorial.net/Aprista-Revolt-in-Peru-3.297
Saya San Rebellion,1930,1932,2,,"United Kingdom, Myanmar",2,"Europe, Asia",Asia,"1,140",Saya San Rebellion,,http://www.war-memorial.net/Saya-San-Rebellion-3.289
Senussi Orden vs Italy,1920,1932,12,,"Italy, Lybia",2,"Europe, Africa",Africa,"40,000",Senussi Orden vs Italy,,http://www.war-memorial.net/Senussi-Orden--vs-Italy-3.64
The Yen Bai Uprising,1930,1931,1,,"Vietnam, France",2,"Europe, Asia",Asia,"1,000",The Y�n B�i Uprising,,http://www.war-memorial.net/The-Y%C3%AAn-B%C3%A1i-Uprising-3.63
Ikhwan Revolt,1929,1930,1,,Saudi Arabia,1,Asia,Asia,"5,500",Ikhwan Revolt,,http://www.war-memorial.net/Ikhwan-Revolt-3.295
Kuomintang vs Warlords,1929,1930,1,,China,1,Asia,Asia,"75,000",Kuomintang vs warlords,,http://www.war-memorial.net/Kuomintang-vs-warlords-3.61
Escobar Rebellion,1929,1929,0,,Mexico,1,North America,North America,"2,000",Escobar Rebellion,,http://www.war-memorial.net/Escobar-Rebellion-3.294
Sino-Soviet war,1929,1929,0,,"Soviet Union, China",2,"Europe, Asia","Europe, Asia","3,200",Sino-Soviet war,,http://www.war-memorial.net/Sino-Soviet-war-3.59
Second Afghan Anti-Reform War,1928,1929,1,,Afghanistan,1,Asia,Asia,"15,000",Second Afghan Anti-Reform War,,http://www.war-memorial.net/Second-Afghan-Anti-Reform-War-3.58
The Cristero War,1926,1929,3,,Mexico,1,North America,North America,"10,000",The Cristero War,,http://www.war-memorial.net/The-Cristero-War-3.60
Kuomintang vs Gansu Rebels,1928,1928,0,,China,1,Asia,Asia,"200,000",Kuomintang vs Gansu Rebels,,http://www.war-memorial.net/Kuomintang-vs-Gansu-Rebels-3.57
Northern Expedition,1926,1928,2,,China,1,Asia,Asia,"126,500",Northern Expedition,,http://www.war-memorial.net/Northern-Expedition-3.56
Druze revolt,1925,1927,2,,"France, Syria",2,"Europe, Asia",Asia,"6,000",Druze revolt,,http://www.war-memorial.net/Druze-revolt-3.54
Third Chinese Warlord War,1925,1926,1,,China,1,Asia,Asia,"1,000",Third Chinese Warlord War,,http://www.war-memorial.net/Third-Chinese-Warlord-War-3.311
Third Rif War,1920,1926,6,Morocco has been added to the list of participants.,"Spain, France, Morocco",3,"Europe, Africa",Africa,"70,000",Third Rif War,,http://www.war-memorial.net/Third-Rif-War-3.53
Afghan rebels vs govt,1924,1925,1,,Afghanistan,1,Asia,Asia,"2,000",Afghan rebels vs govt,,http://www.war-memorial.net/Afghan-rebels-vs-govt-3.52
Nejd-Hejaz Wars,1919,1925,6,,Saudi Arabia,1,Asia,Asia,"4,000",Nejd-Hejaz Wars,,http://www.war-memorial.net/Nejd-Hejaz-Wars-3.283
Honduras Coup,1924,1924,0,,Honduras,1,North America,North America,"1,000",Honduras Coup,,http://www.war-memorial.net/Honduras-Coup-3.51
Soviet-Turkestan War,1921,1923,2,,"Russia, Turkestan",2,"Europe, Asia	","Europe, Asia","3,500",Soviet-Turkestan War,,http://www.war-memorial.net/Soviet-Turkestan-War-3.293
Second Chinese Warlord War,1922,1922,0,,China,1,Asia,Asia,"20,000",Second Chinese Warlord War,,http://www.war-memorial.net/Second-Chinese-Warlord-War-3.310
Moplah Riots in Kerala,1921,1922,1,,"India, United Kingdom",2,"Europe, Asia	",Asia,"2,450",Moplah Riots in Kerala,,http://www.war-memorial.net/Moplah-Riots-in-Kerala-3.48
Ireland freestaters vs Irregulars,1921,1922,1,,Ireland,1,Europe,Europe,"4,000",Ireland freestaters vs Irregulars,,http://www.war-memorial.net/Ireland-freestaters-vs-Irregulars--3.50
Blackshirts vs Leftists,1920,1922,2,,Italy,1,Europe,Europe,"3,300",Blackshirts vs Leftists,,http://www.war-memorial.net/Blackshirts-vs-Leftists-3.291
Second Greco Turkish War,1919,1922,3,,"Greece, Turkey",2,"Europe, Asia	","Europe, Asia","50,000",Second Greco Turkish War,,http://www.war-memorial.net/Second-Greco-Turkish-War-3.49
Russian Revolution and Civil War,1917,1922,5,,"Russia, United Kingdom, France, Japan, United States, Soviet Union",6,"Europe, Asia, North America	","Europe, Asia","802,225",Russian Revolution and Civil War,[1],http://www.war-memorial.net/Russian-Revolution-and-Civil-War-3.47
Kronstadt Rebellion,1921,1921,0,"This conflict is marked as Europe and Asia, because the Soviet Union was a transcontinental country which straddles Euroasia.",Soviet Union,1,"Europe, Asia	","Europe, Asia","2,600",Kronstadt Rebellion,,http://www.war-memorial.net/Kronstadt-Rebellion-3.292
Conquest of Mongolia,1920,1921,1,"Although the Soviet Union was a transcontinental country which straddles Euroasia, this conflict took place in Asia.","China, Soviet Union",2,"Europe, Asia	",Asia,"4,000",Conquest of Mongolia,,http://www.war-memorial.net/Conquest-of-Mongolia-3.287
Green Rebellion,1920,1921,1,"This conflict is marked as Europe and Asia, because the Soviet Union was a transcontinental country which straddles Euroasia.",Soviet Union,1,"Europe, Asia	","Europe, Asia","6,700",Green Rebellion,,http://www.war-memorial.net/Green-Rebellion-3.290
Iraq vs UK,1920,1921,1,,"United Kingdom, Iraq",2,"Europe, Asia	","Europe, Asia","9,540",Iraq vs UK,,http://www.war-memorial.net/Iraq-vs-UK-3.46
Turkish War of Independence,1919,1921,2,,"France, Turkey",2,"Europe, Asia	","Europe, Asia","40,000",Turkish War of Independence,,http://www.war-memorial.net/Turkish-War-of-Independence-3.45
First Chinese Warlord War,1920,1920,0,,China,1,Asia,Asia,"35,000",First Chinese Warlord War,,http://www.war-memorial.net/First-Chinese-Warlord-War-3.309
Franco-Syrian war,1920,1920,0,,"France, Syria",2,"Europe, Asia",Asia,"3,500",Franco-Syrian war,[1],http://www.war-memorial.net/Franco-Syrian-war--3.42
Lithuanian-Polish War,1920,1920,0,,"Poland, Lithuania",2,Europe,Europe,"1,000",Lithuanian-Polish War,,http://www.war-memorial.net/Lithuanian-Polish-War-3.285
Hungary Civil War,1919,1920,1,"United States, Romania, Yugoslavia and Czechoslovakia were added to the list of participants.","Hungary, United States, Romania, Yugoslavia, Czechoslovakia",5,"Europe, North America",Europe,"1,500",Hungary Civil War,,http://www.war-memorial.net/Hungary-Civil-War-3.40
Polish-Soviet War,1919,1920,1,,"Soviet Union, Poland",2,"Europe, Asia	",Europe,"100,000",Polish-Soviet War,,http://www.war-memorial.net/Polish-Soviet-War-3.41
First British-Waziristan War,1919,1920,1,India was added to the list of participants.,"United Kingdom, Pakistan, India",3,"Europe, Asia",Asia,"2,000",First British-Waziristan War,,http://www.war-memorial.net/First-British-Waziristan-War-3.286
Estonian Liberation War,1918,1920,2,,"Soviet Union, Finland, Estonia",3,"Europe, Asia	",Europe,"11,750",Estonian Liberation War,[2],http://www.war-memorial.net/Estonian-Liberation-War-3.279
Latvian Liberation,1918,1920,2,,"Soviet Union, Germany, Latvia, Estonia",4,"Europe, Asia	",Europe,"13,246",Latvian Liberation,,http://www.war-memorial.net/Latvian-Liberation-3.280
Caco Revolt,1918,1920,2,,"United States, Haiti",2,North America,North America,"2,102",Caco Revolt,,http://www.war-memorial.net/Caco-Revolt-3.282
Mexican Revolution,1910,1920,10,,Mexico,1,North America,North America,"125,000",Mexican Revolution,[1],http://www.war-memorial.net/Mexican-Revolution--3.39
"The Dervish State vs Ethiopia, Britain and Italy",1899,1920,21,,"United Kingdom, Somalia, Ethiopia, Dervish State, Italy",5,"Europe, Africa",Africa,"6,000","The Dervish State vs Ethiopia, Britain and Italy",,"http://www.war-memorial.net/The-Dervish-State-vs-Ethiopia,-Britain-and-Italy-3.9"
Sparticist Rising,1919,1919,0,,Germany,1,Europe,Europe,"2,170",Sparticist Rising,,http://www.war-memorial.net/Sparticist-Rising-3.284
Hungarian Romanian War,1919,1919,0,,"Romania, Hungary",2,Europe,Europe,"11,000",Hungarian_Romanian War of 1919,,http://www.war-memorial.net/Hungarian%E2%80%93Romanian-War-of-1919-3.36
Third Anglo-Afghan War,1919,1919,0,,"Afghanistan, United Kingdom",2,"Europe, Asia",Asia,"2,136",Third Anglo-Afghan War,,http://www.war-memorial.net/Third-Anglo-Afghan-War-3.37
Finnish Civil War,1918,1918,0,Germany and Russia were added to the list of participants.,"Finland, Germany, Russia",3,"Europe, Asia",Europe,"15,150",Finnish Civil War,[1],http://www.war-memorial.net/Finnish-Civil-War-3.35
Second Sino-Tibetan,1918,1918,0,,China,1,Asia,Asia,"1,500",Second Sino-Tibetan,,http://www.war-memorial.net/Second-Sino-Tibetan-3.281
Southern China Revolt,1915,1918,3,,China,1,Asia,Asia,"1,000",Southern China Revolt,,http://www.war-memorial.net/Southern-China-Revolt-3.29
World War I,1914,1918,4,"Si consultas la misma visualización publicada en The Infographic History of the World, ten en cuenta que los datos de origen han sido actualizados."," Australia, Germany, France, United Kingdom, Italy, Russia, Greece, Hungary, Turkey, United States, Austria, Andorra, Belgium, Brazil, China, Cuba, Costa Rica, Guatemala, Haiti, Honduras, Japan, Liberia, Montenegro, Nepal, Nicaragua, Panama, Portugal, Romania, Russia, San Marino, Serbia, Thailand, Canada, Australia, Malta, New Zealand, South Africa, Philippines, Puerto Rico, Azerbaijan, Bulgaria, Austria-Hungary, Dervish State, Jabal Shammar, Ottoman Empire",45,"Asia, Europe, North America, South America, Africa","Asia, Europe, North America, South America, Africa","10,670,868",World War I,[12],http://www.war-memorial.net/World-War-I-3.32
Russia-Turkestan,1916,1917,1,,"Russia, Turkestan",2,"Europe, Asia	",Asia,"1,350",Russia-Turkestan,,http://www.war-memorial.net/Russia-Turkestan-3.278
Chinese Govt vs Bai Lang Rebels,1914,1914,0,,China,1,Asia,Asia,"5,000",Chinese Govt vs Bai Lang (White Wolf) Rebels,,http://www.war-memorial.net/Chinese-Govt-vs-Bai-Lang-(White-Wolf)-Rebels-3.28
2nd Balkan War,1913,1913,0,,"Yugoslavia, Greece, Bulgaria, Ottoman Empire, Romania",5,"Europe","Europe","60,500",2nd Balkan War,,http://www.war-memorial.net/2nd-Balkan-War--3.26
Kuomintang vs Chinese Army,1913,1913,0,,China,1,Asia,Asia,"5,000",Kuomintang vs Chinese Army,,http://www.war-memorial.net/Kuomintang-vs-Chinese-Army--3.27
Moro Rebellion,1913,1913,0,"Where the conflict took place: Philippines, Asia.","United States, Philippines",2,"North America, Asia",Asia,"15,050",Moro Rebellion,,http://www.war-memorial.net/Moro-Rebellion-3.277
1st Balkan War,1912,1913,1,,"Serbia, Montenegro, Greece, Bulgaria, Macedonia, Ottoman Empire",6,"Europe","Europe","82,000",1st Balkan War,[1],http://www.war-memorial.net/1st-Balkan-War-3.25
Paraguay Coups,1911,1912,1,,Paraguay,1,South America,South America,"5,000",Paraguay Coups,,http://www.war-memorial.net/Paraguay-Coups-3.22
Italo-Turkish War,1911,1912,1,"Ottoman Empire was one of the most powerful states in the world during the 15th and 16th centuries. It spanned more than 600 years and came to an end only in 1922, when it was replaced by the Turkish Republic and various successor states in southeastern Europe and the Middle East. ","Italy, Ottoman Empire",2,"Europe, Asia, Africa",Africa,"20,000",Italo-Turkish War,,http://www.war-memorial.net/Italo-Turkish-War-3.23
First Sino-Tibetan War,1911,1912,1,,China,1,Asia,Asia,"2,000",First Sino-Tibetan War,,http://www.war-memorial.net/First-Sino-Tibetan-War-3.24
Cuba vs Partido Independiente de Color,1911,1911,0,,"Cuba, United States",2,"North America, South America",North America,"1,050",Cuba vs Partido Independiente de Color,,http://www.war-memorial.net/Cuba-vs-Partido-Independiente-de-Color-3.276
Chinese Revolution,1911,1911,0,,China,1,Asia,Asia,"1,000",Chinese Revolution,[2],http://www.war-memorial.net/Chinese-Revolution--3.21
Asir-Yemen Revolt,1910,1911,1,"Ottoman Empire was one of the most powerful states in the world during the 15th and 16th centuries. It spanned more than 600 years and came to an end only in 1922, when it was replaced by the Turkish Republic and various successor states in southeastern Europe and the Middle East. ","Yemen, Ottoman Empire",2,Asia,Asia,"9,000",Asir-Yemen Revolt,,http://www.war-memorial.net/Asir-Yemen-Revolt-3.275
French Conquest of Wadai Sultanate,1909,1911,2,,"France, Chad",2,"Europe, Africa",Africa,"12,000",French Conquest of Wadai Sultanate,,http://www.war-memorial.net/French-Conquest-of-Wadai-Sultanate-3.274
The second Rif War,1909,1910,1,,"Morocco, Spain",2,"Africa, Europe",Africa,"10,000",The second Rif War,,http://www.war-memorial.net/The-second-Rif-War-3.19
Portugese war against Dembos,1907,1910,3,,"Angola, Portugal",2,"Africa, Europe",Africa,"5,100",Portugese war against Dembos,,http://www.war-memorial.net/Portugese-war-against-Dembos-3.271
Ma al-Aynayn's Anti-Colonial Insurgency,1907,1910,3,,"Morocco, France",2,"Africa, Europe",Africa,"3,150",Ma al-�Aynayn�s Anti-Colonial Insurgency,,http://www.war-memorial.net/Ma-al-%E2%80%99Aynayn%E2%80%99s-Anti-Colonial-Insurgency--3.272
Korean guerilla war against Japanese occupation,1907,1910,3,,"South Korea, Japan",2,Asia,Asia,"17,736",Korean guerilla war against Japanese occupation,,http://www.war-memorial.net/Korean-guerilla-war-against-Japanese-occupation-3.273
Iranian Constitution War,1908,1909,1,"The location is marked as Europe and Asia, because Russia is a transcontinental country which straddles Euroasia.","Iran, Russia",2,"Europe, Asia	","Europe, Asia","1,100",Iranian Constitution War,,http://www.war-memorial.net/Iranian-Constitution-War-3.18
Morocco unrest,1907,1908,1,,"Morocco, France",2,"Europe, Africa",Africa,"1,400",Morocco unrest,,http://www.war-memorial.net/Morocco-unrest-3.17
Romanian Peasant Revolt,1907,1907,0,The western part of Moldavia is now part of Romania.,Romania,1,Europe,Europe,"2,000",Romanian Peasant Revolt,,http://www.war-memorial.net/Romanian-Peasant-Revolt-3.16
Fourth Central American war,1907,1907,0,,"Honduras, El Salvador, Nicaragua",3,North America,North America,"1,000",Fourth Central American war,,http://www.war-memorial.net/4th-Central-American-war--3.15
Dutch-Achinese War,1904,1907,3,,"Netherlands, Sumatra",2,"Europe, Africa",Africa,"24,200",Dutch-Achinese War,,http://www.war-memorial.net/Dutch-Achinese-War-3.269
Sokoto and UK vs Mahdist Revolt,1906,1906,0,,"Nigeria, United Kingdom",2,"Africa, Europe",Africa,"2,080",Sokoto and UK vs Mahdist Revolt,,http://www.war-memorial.net/Sokoto-and-UK-vs-Mahdist-Revolt-3.270
Zulu Rebellion,1906,1906,0,,"Natal, United Kingdom",2,"Africa, Europe",Africa,"2,356",Zulu Rebellion,,http://www.war-memorial.net/Zulu-Rebellion-3.13
Third Central American war,1906,1906,0,,"Honduras, El Salvador, Guatemala",3,North America,North America,"1,000",Third Central American war,,http://www.war-memorial.net/Third-Central-American-war--3.14
Russian Revolution,1905,1906,1,"The location is marked as both Europe and Asia, because Russia is a transcontinental country which straddles Euroasia.",Russia,1,"Europe, Asia","Europe, Asia","1,500",Russian Revolution 1905,,http://www.war-memorial.net/Russian-Revolution-1905--3.7
Maji Maji revolt,1905,1906,1,,"Germany, Tanzania",2,"Africa, Europe",Africa,"8,840",Maji Maji revolt,,http://www.war-memorial.net/Maji-Maji-revolt-3.12
Russo-Japanese war,1904,1905,1,,"Russia, Japan",2,Asia,Asia,"151,831",Russo-Japanese war,[1],http://www.war-memorial.net/Russo-Japanese-war-3.10
Southwest African Revolt,1904,1905,1,Namibia was added to the list of participants.,"Germany, Namibia",2,"Africa, Europe",Africa,"12,800",Southwest African Revolt,[1],http://www.war-memorial.net/Southwest-African-Revolt-3.11
Uruguay Civil War,1904,1904,0,,Uruguay,1,South America,South America,"1,000",Uruguay Civil War,,http://www.war-memorial.net/Uruguay-Civil-War-3.8
Second Yemen Rebellion,1904,1904,0,"Ottoman Empire was one of the most powerful states in the world during the 15th and 16th centuries. It spanned more than 600 years and came to an end only in 1922, when it was replaced by the Turkish Republic and various successor states in southeastern Europe and the Middle East. ","Yemen, Ottoman Empire",2,Asia,Asia,"30,000",Second Yemen Rebellion,,http://www.war-memorial.net/Second-Yemen-Rebellion-3.266
Uprisings in Colonial Angola,1902,1904,2,,"Angola, Portugal",2,"Europe, Africa",Africa,"2,000",Uprisings in Colonial Angola,,http://www.war-memorial.net/Uprisings-in-Colonial-Angola-3.268
Ilinden Uprising,1903,1903,0,"Ottoman Empire was one of the most powerful states in the world during the 15th and 16th centuries. It spanned more than 600 years and came to an end only in 1922, when it was replaced by the Turkish Republic and various successor states in southeastern Europe and the Middle East. ",Ottoman Empire,1,"Europe, Asia",Asia,"6,330",Ilinden Uprising,,http://www.war-memorial.net/Ilinden-Uprising-3.6
The War of a Thousand Days,1899,1903,4,,Colombia,1,South America,South America,"100,000",The War of a Thousand Days,,http://www.war-memorial.net/The-War-of-a-Thousand-Days---3.5
Philippine insurrection,1899,1902,3,,"Philippines, United States",2,"America, Asia",Asia,"20,500",Philippine insurrection,,http://www.war-memorial.net/Philippine-insurrection--3.3
Second Boer war,1899,1902,3,"Australia, Canada, South Africa were added to the list of participants.","United Kingdom, Canada, Australia, South Africa, Zuid-Afrikaansche Republiek",4,"Africa, Europe, North America",Africa,"30,800",Second Boer war,,http://www.war-memorial.net/Second-Boer-war-3.4
The Boxer Rebellion,1900,1900,0,,"China, United Kingdom, Japan, Russia, France, United States, Germany, Italy, Austria-Hungary",9,Asia,Asia,"3,003",The Boxer Rebellion,,http://www.war-memorial.net/The-Boxer-Rebellion-3.1
Sino-Russian War,1900,1900,0,,"Russia, China",2,Asia,Asia,"4,000",Sino-Russian War,,http://www.war-memorial.net/Sino-Russian-War-3.267
