wars,from,to,duration,notes,participation, number_participants,who,where,fatalities,url_source,memorials,links,yearly_deaths
Guerra en el este de Ucrania,2014,2014,0,This armed conflict is not included in the main source The Polynational War Memorial.,Ukraine,2,"Europe, Asia",Europe,"4,035",War in Donbass,,http://en.wikipedia.org/wiki/War_in_Donbass,
Conflicto sectario en la República Centroafricana,2012,2014,2,"End year and fatalities are based on the list of ongoing armed conflicts (wikipedia). Estimate:  886-2,099 killed overall",Rep. Centroafricana,1,Africa,Africa,"2,099",Sectarian Conflict in the Central African Republic,,http://www.war-memorial.net/Sectarian-Conflict-in-the-Central-African-Republic-3.319,
Guerra civil de Sudán del Sur,2011,2014,3,End year and fatalities are based on the list of ongoing armed conflicts (wikipedia).  ,Sudán del Sur,1,Africa,Africa,"15,000",South Sudan Civil War,,http://www.war-memorial.net/South-Sudan-Civil-War-3.315,
Guerra civil siria,2011,2014,3,"End year and fatalities are based on the list of ongoing armed conflicts (wikipedia).  260,215 killed overall (SOHR estimate)",Siria,1,Asia,Asia,"260,215",Syrian civil war,[2],http://www.war-memorial.net/Syrian-civil-war-3.257,
Yemen vs Al-Qaeda,2009,2014,5,"This conflict is ongoing. End year has been updated, but number of deaths refers to The Polynational War Memorial.","Yemen, Estados Unidos",2,"Asia, North America",Asia,"4,270",Yemen vs Al-Quaeda,,http://www.war-memorial.net/Yemen-vs-Al-Quaeda-3.263,
Nigeria vs Boko Haram,2009,2014,5,"This conflict is ongoing. End year has been updated, but number of deaths refers to The Polynational War Memorial.",Nigeria,1,Africa,Africa,"4,627",Nigerian Govt vs Boko Haram,,http://www.war-memorial.net/Nigerian-Govt-vs-Boko-Haram-3.312,
Conflicto de Waziristán,2007,2014,7,"This conflict is ongoing. End date has been updated, but number of deaths refers to The Polynational War Memorial.","Pakistán, Afganistán",2,Asia,Asia,"23,494",Waziristan conflict,,http://www.war-memorial.net/Waziristan-conflict-3.254,
Conflicto de Kivu,2006,2013,7,,"Democratic Republic of the Congo, Ruanda",2,Africa,Africa,"10,105",Kivu Conflict,,http://www.war-memorial.net/Kivu-Conflict-3.262,
Insurgencia iraquí,2003,2014,11,"Start year, end year and fatalities are based on the list of ongoing armed conflicts (wikipedia).  184,512 killed overall (www.iraqbodycount.org estimate December 2013)","Irak, Estados Unidos, Reino Unido, Australia, Corea del Sur",5,"Asia, North America, Europe",Asia,"184,512",Iraqi Insurgency,[8],http://www.war-memorial.net/Iraqi-Insurgency-3.258,
Guerra de Afganistán,2001,2014,13,"This conflict is ongoing. End date has been updated, but number of deaths refers to The Polynational War Memorial.","Afganistán, Estados Unidos, Reino Unido, Albania, United Arab Emirates, Ukraine, Turquía, Tonga, Sweden, España, Slovenia, Slovakia, Singapore, Rumanía, Portugal, Polonia, Norway, New Zealand, Países Bajos, Montenegro, Mongolia, Malasia, Luxembourg, Lituania, Letonia, Corea del Sur, Italia, Irlanda, Iceland, Hungría, Grecia, Alemania, Georgia, Francia, Macedonia, Finlandia, Estonia, El Salvador, Denmark, Czech Republic, Croacia, Canada, Bulgaria, Bosnia and Herzegovina, Bélgica, Azerbaiyán, Austria, Australia, Armenia, Bahrain ",50,"Asia, Europe, North America",Asia,"53,925",Afghanistan war,[5],http://www.war-memorial.net/Afghanistan-war-3.253,
Al-Qaeda vs Estados Unidos y aliados,2001,2013,12,,"Estados Unidos, Reino Unido, Arabia Saudita, España, Indonesia ",5,"Asia, Europe, America",Asia,"7,649",al-Qaida vs USA and allies,[12],http://www.war-memorial.net/al-Qaida-vs-USA-and-allies-3.245,
Rusia vs separatistas chechenos y el Emirato del Cáucaso,1994,2013,19,"The location of this conflict is Europe/Asia, because Russia is a transcontinental country which straddles Euroasia",Rusia,1,"Euro, Asia","Europe, Asia","23,217",Russia vs Chechnyan Secessionists and the Caucasus Emirate,[7],http://www.war-memorial.net/Russia-vs-Chechnyan-Secessionists-and-the-Caucasus-Emirate-3.235,
"Argelia vs rebeldes islámicos, GIA, AIS, AQIM",1991,2013,22,,Argelia,1,Africa,Africa,"20,533","Algeria Govt vs Islamic rebels, GIA, AIS, AQIM",[1],"http://www.war-memorial.net/Algeria-Govt-vs-Islamic-rebels,-GIA,-AIS,-AQIM--3.231",
India vs guerrillas maoístas,1990,2013,23,,India,1,Asia,Asia,"6,854",Indian Govt vs Maoist Guerillas,,http://www.war-memorial.net/Indian-Govt-vs-Maoist-Guerillas-3.320,
"India vs Pakistán, disputa de Cachemira",1984,2014,30,"This conflict is ongoing. End year has been updated, but number of deaths refer to The The Polynational War Memorial.","India, Pakistán",2,Asia,Asia,"24,376","India vs Pakistan, Kashmir Dispute",[12],"http://www.war-memorial.net/India-vs-Pakistan,-Kashmir-Dispute--3.228",
Turquía vs guerrilla kurda,1984,2014,30,Turkey straddles Europe and Asia with a political identity that's likewise divided. This is an ongoing conflict. Fatalties estimate are based on The Polynational War Memorial.,Turquía,1,"Euro, Asia","Europe, Asia","28,655",Turkey Gov vs Kurdistan Guerilla (PPK),[1],http://www.war-memorial.net/Turkey-Gov-vs-Kurdistan-Guerilla-(PPK)---3.227,
Sudán vs milicias,1983,2014,31,"This conflict is ongoing. End year has been updated, but number of deaths refer to The Polynational War Memorial. Wikipedia fatalities estimate: 178,258_461,520",Sudán,1,Africa,Africa,"97,099",Sudan Government vs Militias,[1],http://www.war-memorial.net/Sudan-Government-vs-Militias-3.222,
Guerra civil somalí,1982,2014,32,"End year and fatailties corrected, based on the list of ongoing armed conflicts (wikipedia)",Somalia,1,Africa,Africa,"500,000",Somalia Civil War,[2],http://en.wikipedia.org/wiki/Somali_Civil_War,
Guerra civil de Uganda,1980,2014,34,"This conflict is ongoing. End year has been updated, but number of deaths refers to The Polynational War Memorial.","Uganda, Tanzania, Sudán",3,Africa,Africa,"127,529",Uganda Civil War,[1],http://www.war-memorial.net/Uganda-Civil-War--3.182,
Mozambique vs RENAMO y FRELIMO,1977,2013,36,,Mozambique,1,Africa,Africa,"115,889",Mozambique Govt vs RENAMO and FRELIMO,,http://www.war-memorial.net/Mozambique-Govt-vs-RENAMO-and-FRELIMO-3.195,
Etiopía vs rebeldes de Oromía,1977,2014,37,"This conflict is ongoing. End year has been updated, but number of deaths refers to The Polynational War Memorial.",Etiopía,1,Africa,Africa,"2,735",Ethiopia vs Oromia rebels (OLF),[1],http://www.war-memorial.net/Ethiopia-vs-Oromia-rebels-(OLF)-3.264,
Etiopía vs rebeldes de Ogadén,1976,2014,38,"This conflict is ongoing. End year has been updated, but number of deaths refers to The Polynational War Memorial.","Etiopía, Somalia, Cuba",3,"Africa, South America",Africa,"23,265",Ethiopian Govt vs Ogadeni Rebels - WSLF/ONLF/AIAI,,http://www.war-memorial.net/Ethiopian-Govt-vs-Ogadeni-Rebels---WSLF/ONLF/AIAI-3.176,
Filipinas vs guerrillas de Mindanao,1970,2014,44,"This conflict is ongoing. End year has been updated, but number of deaths refers to The Polynational War Memorial.",Filipinas,1,Asia,Asia,"17,393",Philippines Govt vs Mindanao Guerillas,,http://www.war-memorial.net/Philippines-Govt-vs-Mindanao-Guerillas-3.218,
Filipinas vs guerrilla del CPP,1969,2013,44,,Filipinas,1,Asia,Asia,"24,626",Philippine Government vs CPP Guerrilla,,http://www.war-memorial.net/Philippine-Government-vs-CPP-Guerrilla-3.236,
Colombia vs guerrillas FARC y ELN,1964,2013,49,,Colombia,1,South America,South America,"26,875",Colombia Govt vs Guerillas Farc and ELN,[3],http://www.war-memorial.net/Colombia-Govt-vs-Guerillas-Farc-and-ELN-3.226,
Birmania vs guerrillas separatistas,1949,2014,65,"This conflict is ongoing. End date has been updated, but number of deaths refers to The Polynational War Memorial.",Myanmar,1,Asia,Asia,"49,862",Burmese Government vs Separatist Guerillas,,http://www.war-memorial.net/Burmese-Government-vs-Separatist-Guerillas-3.225,
Guerra contra el narcotráfico en México,2006,2014,8,End year and fatalities are based on the list of ongoing armed conflicts (wikipedia).,México,1,North America,North America,"150,000",Mexican Drug War,[3],http://en.wikipedia.org/wiki/Mexican_Drug_War,
Israel vs Palestina,1949,2014,65,"End year and fatalities are based on the list of ongoing armed conflicts (wikipedia).  21,500 killed overall (estimate December 2013)","Israel, Palestina",2,Asia,Asia,"21,500",Israel vs Palestine,[6],http://www.war-memorial.net/Israel-vs-Palestine-3.217,
Guerra civil libia,2011,2011,0,,Libia,1,Africa,Africa,"2,082",Libyan Civil War,[3],http://www.war-memorial.net/Libyan-Civil-War-3.259,
Tayikistán vs oposición,1992,2011,19,,Tayikistán,1,Asia,Asia,"9,145",Tajikistan Govt vs Opposition,,http://www.war-memorial.net/Tajikistan-Govt-vs-Opposition-3.211,
Guerra civil de Senegal,1990,2011,21,,Senegal,1,Africa,Africa,"1,657",Senegal Civil War,,http://www.war-memorial.net/Senegal-Civil-War-3.213,
Irán vs grupos rebeldes,1979,2011,32,,Irán,1,Asia,Asia,"5,035","Iran vs rebel groups (MEK,PJAK etc)",,"http://www.war-memorial.net/Iran-vs-rebel-groups-(MEK,PJAK-etc)-3.233",
Guerra civil de Chad,1966,2010,44,,"Chad, Francia, Libia",3,"Africa, Europe",Africa,"36,077",Chad Civil War,,http://www.war-memorial.net/Chad-Civil-War--3.188,
Perú vs Sendero Luminoso y MRTA,1965,2010,45,,Perú,1,South America,South America,"17,250",Peruvian Gvt vs Sendero Luminoso and MRTA,[1],http://www.war-memorial.net/Peruvian-Gvt-vs-Sendero-Luminoso-and-MRTA--3.221,
Sri Lanka vs militantes tamiles,1984,2009,25,,Sri Lanka,1,Asia,Asia,"73,818",Sri Lankan Govt vs Tamil Militants (LTTE),[8],http://www.war-memorial.net/Sri-Lankan-Govt-vs-Tamil-Militants-(LTTE)-3.224,
Guerra civil de Burundi,1991,2008,17,,Burundi,1,Africa,Africa,"15,651",Burundi Civil War,[2],http://www.war-memorial.net/Burundi-Civil-War-3.239,
Guerra civil de Nepal,1996,2006,10,,Nepal,1,Asia,Asia,"12,274",Nepal Civil War,[1],http://www.war-memorial.net/Nepal-Civil-War-3.251,
Guerra del sur del Líbano,1990,2006,16,,"Israel, Líbano",2,Asia,Asia,"1,712",Southern Lebanon War,[3],http://www.war-memorial.net/Southern-Lebanon-War-3.252,
Indonesia vs movimiento de liberación de Aceh,1990,2005,15,,Indonesia,1,Asia,Asia,"2,841",Indonesia Gvt vs Aceh Liberation movement,,http://www.war-memorial.net/Indonesia-Gvt-vs-Aceh-Liberation-movement--3.230,
Guerra civil de Costa de Marfil,2002,2004,2,,Cote d'Ivoire,1,Africa,Africa,"1,370",Civil War in C�te d Ivoire,[1],http://www.war-memorial.net/Civil-War-in-C%C3%B4te-d-Ivoire--3.248,
Conflicto de Ituri,1999,2004,5,,Demogratic Republic of the Congo,1,Africa,Africa,"12,664",Ituri Conflict,,http://www.war-memorial.net/Ituri-Conflict-3.321,
Irak vs coalición liderada por EE.UU.,2003,2003,0,,"Irak, Estados Unidos, Reino Unido, Austria, Polonia",5,"Asia, North America, Europe",Asia,"8,202",Iraq vs US led coalition,[10],http://www.war-memorial.net/Iraq-vs-US-led-coalition-3.244,
Primera y segunda guerras del Congo,1996,2003,7,,"Democratic Republic of the Congo, Ruanda, Uganda, Angola, Zimbabue, Namibia, Chad",7,Africa,Africa,"79,858",First and Second Congo Wars,[1],http://www.war-memorial.net/First-and-Second-Congo-Wars-3.238,
Guerra civil de Liberia,1989,2003,14,,Liberia,1,Africa,Africa,"15,970",Liberia Civil War,[2],http://www.war-memorial.net/Liberia-Civil-War-3.209,
Guerra civil del Congo (Brazzaville),1993,2002,9,,"Congo, Angola",2,Africa,Africa,"15,541",Congo Brazzaville Civil War,[1],http://www.war-memorial.net/Congo-Brazzaville-Civil-War-3.214,
Angola vs guerrilla UNITA,1975,2002,27,,"Angola, Cuba, Namibia, Sudáfrica, Democratic Republic of the Congo",5,Africa,Africa,"114,898",Angolan Gvt vs UNITA Guerilla,[1],http://www.war-memorial.net/Angolan-Gvt-vs-UNITA-Guerilla-3.219,
Guerra civil de Sierra Leona,1991,2001,10,,Sierra Leona,1,Africa,Africa,"18,119",Sierra Leone Civil War,[2],http://www.war-memorial.net/Sierra-Leone-Civil-War-3.234,
Eritrea vs Etiopía,2000,2000,0,,"Eritrea, Etiopía",2,Africa,Africa,"98,192",Eritrea vs Ethiopia,[1],http://www.war-memorial.net/Eritrea-vs-Ethiopia-3.240,
Guerra civil de Afganistán,1978,2000,22,,"Afganistán, Unión Soviética",2,Asia,Asia,"529,501",Afghanistan Civil War,[4],http://www.war-memorial.net/Afghanistan-Civil-War-3.220,
Yugoslavia vs OTAN y guerrilla UCK,1998,1999,1,,"Serbia, Kosovo, Yugoslavia",3,Europe,Europe,"3,613",Yugoslavia vs NATO Forces and UCK Guerilla,[5],http://www.war-memorial.net/Yugoslavia-vs-NATO-Forces-and-UCK-Guerilla-3.216,
Indonesia vs Fretilin - Timor Oriental,1975,1999,24,,"Indonesia, Timor Oriental",2,Asia,Asia,"76,550",Indonesian Govt vs Fretilin - East Timor,[1],http://www.war-memorial.net/Indonesian-Govt-vs-Fretilin---East-Timor--3.212,
Camboya vs Jemeres Rojos,1979,1998,19,,Camboya,1,Asia,Asia,"87,520",Cambodian Govt vs Khmer Rouge,,http://www.war-memorial.net/Cambodian-Govt-vs-Khmer-Rouge-3.210,
"Irlanda del Norte, Los Troubles",1971,1998,27,,"Irlanda, Reino Unido",2,Europe,Europe,"3,010","Northern Ireland, The Troubles",[4],"http://www.war-memorial.net/Northern-Ireland,-The-Troubles-3.201",
Irak vs Kurdistán,1982,1996,14,,Irak,1,Asia,Asia,"20,620",Iraq vs Kurdistan (KDP/PUK),[1],http://www.war-memorial.net/Iraq-vs-Kurdistan-(KDP/PUK)-3.198,
Gobierno de Irak vs SCIRI,1982,1996,14,,Irak,1,Asia,Asia,"1,165",Iraq Government vs SCIRI,,http://www.war-memorial.net/Iraq-Government-vs-SCIRI-3.232,
Irán vs KDPI,1966,1996,30,,Irán,1,Asia,Asia,"2,618",Iranian Govt vs KDPI,,http://www.war-memorial.net/Iranian-Govt-vs-KDPI--3.172,
Bosnia vs insurgentes serbios y croatas,1992,1995,3,,"Bosnia and Hergovina, Serbia",2,Europe,Europe,"29,103",Bosnian Govt vs Serbian and Croatian Insurgents,[7],http://www.war-memorial.net/Bosnian-Govt-vs-Serbian-and-Croatian-Insurgents--3.206,
Croacia vs irregulares serbios,1992,1995,3,,"Serbia, Croacia",2,Europe,Europe,"1,442","Croatia vs Serbian Irregulars, Rep. Krajina",[3],"http://www.war-memorial.net/Croatia-vs-Serbian-Irregulars,-Rep.-Krajina-3.196",
Guerra civil de Guatemala,1965,1995,30,,Guatemala,1,North America,North America,"45,392",Guatemalan Civil War,[2],http://www.war-memorial.net/Guatemalan-Civil-War-3.205,
Yemen del Norte vs secesionistas,1994,1994,0,,Yemen,1,Asia,Asia,"1,489",North Yemen vs Secessionists,,http://www.war-memorial.net/North-Yemen-vs-Secessionists--3.204,
Guerra de Nagorno-Karabaj,1990,1994,4,,"Azerbaiyán, Armenia, Unión Soviética",3,Asia,Asia,"5,065",Nagorno-Karabakh War,[1],http://www.war-memorial.net/Nagorno-Karabakh-War--3.250,
Guerra civil de Ruanda,1990,1994,4,,"Ruanda, Burundi, Francia, Democratic Republic of the Congo",4,"Africa, Europe",Africa,"520,718",Rwanda Civil War (Hutus vs Tutsis),[3],http://www.war-memorial.net/Rwanda-Civil-War-(Hutus-vs-Tutsis)----3.202,
Birmania vs guerrillas comunistas,1948,1994,46,,Myanmar,1,Asia,Asia,"17,700",Burmese Govt vs Communist Guerillas,,http://www.war-memorial.net/Burmese-Govt-vs-Communist-Guerillas---3.168,
Guerra civil de Georgia,1992,1993,1,,Georgia,1,Europe,Europe,"2,752",Georgian Civil War,,http://www.war-memorial.net/Georgian-Civil-War-3.199,
India vs insurgentes sij,1983,1993,10,,India,1,Asia,Asia,"11,160",Indian Govt vs Sikh insurgents,[2],http://www.war-memorial.net/Indian-Govt-vs-Sikh-insurgents-3.229,
Serbia vs irregulares croatas,1991,1991,0,,Serbia,2,Europe,Europe,"3,933",Serbian Govt. vs Croatian irregulars,,http://www.war-memorial.net/Serbian-Govt.-vs-Croatian-irregulars-3.313,
Primera Guerra del Golfo,1990,1991,1,,"Estados Unidos, Irak, Reino Unido, Kuwait, Arabia Saudita, Filipinas, Argentina",7,"Asia, North America, South America, Europe",Asia,"22,848",First Gulf War,[4],http://www.war-memorial.net/First-Gulf-War-3.192,
El Salvador vs guerrillas del FMLN,1979,1991,12,,El Salavador,1,North America,North America,"51,663",El Salvador Gvt vs FMLN Guerrillas,[2],http://www.war-memorial.net/El-Salvador-Gvt-vs-FMLN-Guerrillas-3.194,
Etiopía vs EPRDF,1976,1991,15,,Etiopía,1,Africa,Africa,"56,003",Ethiopian Government vs EPRDF,,http://www.war-memorial.net/Ethiopian-Government-vs-EPRDF-3.191,
Etiopía vs separatistas eritreos ELF/EPLF,1964,1991,27,,"Eritrea, Etiopía",2,Africa,Africa,"168,510",Ethiopia vs Eritrean Separatists ELF/EPLF,,http://www.war-memorial.net/Ethiopia-vs-Eritrean-Separatists-ELF/EPLF--3.190,
Nicaragua vs Contras,1981,1990,9,,Nicaragua,1,South America,South America,"29,964",Nicaragua Govt vs Contras,[1],http://www.war-memorial.net/Nicaragua-Govt-vs-Contras--3.189,
Guerra civil del Líbano,1975,1990,15,,"Líbano, Siria, Israel, Francia, Estados Unidos",5,"Asia, Europe, North America",Asia,"131,104",Lebanese Civil War,[7],http://www.war-memorial.net/Lebanese-Civil-War--3.187,
Sri Lanka vs JVP,1971,1990,19,,Sri Lanka,1,Asia,Asia,"2,018",Sri Lanka Govt vs JVP,[1],http://www.war-memorial.net/Sri-Lanka-Govt-vs-JVP-3.185,
Golpe de Panamá e invasión de EE.UU.,1989,1989,0,,"Panamá, Estados Unidos",2,North America,North America,920,Panama Coup and US Invasion,,http://www.war-memorial.net/Panama-Coup-and-US-Invasion-3.316,
Revolución rumana,1989,1989,0,,Rumanía,1,Europe,Europe,909,Romanian Revolution,,http://www.war-memorial.net/Romanian-Revolution-3.327,
Guerra del Sáhara Occidental,1975,1989,14,,"Marruecos, Sáhara Occidental, Mauritania",3,Africa,Africa,"12,687",Western Sahara War,[1],http://www.war-memorial.net/Western-Sahara-War--3.193,
Irán vs Irak,1980,1988,3,,"Irak, Irán",2,Asia,Asia,"644,500",Iran vs Iraq,[4],http://www.war-memorial.net/Iran-vs-Iraq-3.183,
Sudáfrica vs ANC,1981,1988,7,,Sudáfrica,1,Africa,Africa,"4,087",South Africa vs ANC,,http://www.war-memorial.net/South-Africa-vs-ANC-3.317,
Guerra sino-vietnamita,1978,1988,10,,"Vietnam, China",2,Asia,Asia,"47,046",Sino-Vietnamese War,,http://www.war-memorial.net/Sino-Vietnamese-War--3.167,
Namibia vs Sudáfrica,1966,1988,22,,"Namibia, Sudáfrica",2,Africa,Africa,"10,000",Namibia vs South Africa,[5],http://www.war-memorial.net/Namibia-vs-South-Africa-3.181,
Guerra Chad-Libia (Franja de Aouzou),1987,1987,0,,"Libia, Chad",2,Africa,Africa,"8,500",Chadian-Lybian War (Aouzou Strip),,http://www.war-memorial.net/Chadian-Lybian-War-(Aouzou-Strip)-3.326,
Golpe de Yemen del Sur,1986,1986,0,,Yemen,1,Asia,Asia,"10,000",South Yemen Coup,,http://www.war-memorial.net/South-Yemen-Coup-3.179,
Guerra de las Malvinas,1982,1982,0,,"Reino Unido, Argentina, Falkland Islands",3,"Europe, South America",South America,964,Falklands War,[5],http://www.war-memorial.net/Falklands-War-3.173,
Siria vs Hermanos Musulmanes,1979,1982,3,,Siria,1,Asia,Asia,"2,075",Syrian Govt vs Muslim Brotherhood,,http://www.war-memorial.net/Syrian-Govt-vs-Muslim-Brotherhood-3.171,
Tailandia vs CPT,1974,1982,8,,Tailandia,1,Asia,Asia,"3,425",Thai Govt vs CPT,,http://www.war-memorial.net/Thai-Govt-vs-CPT-3.322,
Nicaragua vs Sandinistas,1978,1979,1,,Nicaragua,1,South America,South America,"10,000",Nicaraguan Gvt vs Sandinistas,[1],http://www.war-memorial.net/Nicaraguan-Gvt-vs-Sandinistas-3.164,
Uganda vs Tanzania,1978,1979,1,,"Uganda, Tanzania",2,Africa,Africa,"3,847",Uganda vs Tanzania,,http://www.war-memorial.net/Uganda-vs-Tanzania--3.165,
Revolución iraní,1978,1979,1,,Irán,1,Asia,Asia,"1,100",Iranian Revolution,,http://www.war-memorial.net/Iranian-Revolution-3.166,
"Rodesia vs ZANU, ZAPU, PF",1967,1979,12,,Zimbabue,1,Africa,Africa,"27,080","Rhodesian Government vs ZANU,ZAPU,PF",[3],"http://www.war-memorial.net/Rhodesian-Government-vs-ZANU,ZAPU,PF-3.161",
Vietnam vs Camboya (Kampuchea),1978,1978,0,,"Vietnam, Camboya",2,Asia,Asia,"32,500",Vietnam vs Cambodia (Kampuchea),,http://www.war-memorial.net/Vietnam-vs-Cambodia-(Kampuchea)--3.163,
Anexión indonesia de Papúa Occidental,1962,1978,16,,"Indonesia, Países Bajos",2,"Asia, Euope",Asia,"8,700",Indonesian annexation of West Papua,,http://www.war-memorial.net/Indonesian-annexation-of-West-Papua-3.304,
Insurgencia en Baluchistán,1974,1977,3,,Pakistán,1,Asia,Asia,"8,600",Balochistan Insurgency,,http://www.war-memorial.net/Balochistan-Insurgency-3.159,
Argentina: Guerra civil y Guerra Sucia,1974,1977,3,,Argentina,1,South America,South America,"4,677",Argentina: Civil War and Dirty War,[2],http://www.war-memorial.net/Argentina--Civil-War-and-Dirty-War-3.174,
Revolución Cultural China,1967,1976,9,,China,1,Asia,Asia,"2,050,000",Chinese Cultural Revolution,[1],http://www.war-memorial.net/Chinese-Cultural-Revolution-3.136,
Guerra civil de Camboya,1967,1975,8,,"Camboya, Vietnam",2,Asia,Asia,"250,000",Cambodian Civil War,,http://www.war-memorial.net/Cambodian-Civil-War--3.157,
Guerra de Vietnam,1965,1975,10,,"Vietnam, Estados Unidos, Australia, New Zealand, Tailandia",5,"Asia, North America",Asia,"2,048,050",Vietnam War,[7],http://www.war-memorial.net/Vietnam-War--3.156,
Guerra de independencia de Angola,1961,1975,14,,"Portugal, Angola",2,"Africa, Europe",Africa,"79,000",Angolan War of Independence,[1],http://www.war-memorial.net/Angolan-War-of-Independence-3.154,
Guerra turco-chipriota,1974,1974,0,,"Turquía, Grecia, Chipre",3,"Europe, Asia",Europe,"5,000",Turko Cypriot War,,http://www.war-memorial.net/Turko-Cypriot-War--3.153,
Guerra de independencia de Mozambique,1964,1974,10,,"Mozambique, Portugal",2,"Africa, Europe",Africa,"13,500",Mozambique War of Independence,[2],http://www.war-memorial.net/Mozambique-War-of-Independence-3.155,
Golpe militar en Chile,1973,1973,0,,Chile,1,South America,South America,"2,095",Chilean MIlitary Coup,[2],http://www.war-memorial.net/Chilean-MIlitary-Coup-3.186,
Guerra de Yom Kipur,1973,1973,0,,"Israel, Egipto, Siria",3,"Asia, Africa",Asia,"6,450",Yom Kippur War,[1],http://www.war-memorial.net/Yom-Kippur-War--3.151,
Guerra de independencia de Guinea-Bisáu,1963,1973,10,,"Portugal, Guinea-Bissau",2,"Africa, Europe",Africa,"15,000",Guinea Bissau War of Independence,[1],http://www.war-memorial.net/Guinea-Bissau-War-of-Independence-3.152,
Guerra civil de Laos,1959,1973,14,,"Laos, Tailandia, Estados Unidos",3,"Asia, North America",Asia,"21,500",Laos Civil War,,http://www.war-memorial.net/Laos-Civil-War-3.123,
Rebelión hutu,1972,1972,0,,Burundi,1,Africa,Africa,"153,000",Hutu Rebellion,,http://www.war-memorial.net/Hutu-Rebellion-3.149,
Sudán vs insurgentes,1963,1972,9,,Sudán,1,Africa,Africa,"10,000",Sudan Government vs Insurgents,,http://www.war-memorial.net/Sudan-Government-vs-Insurgents-3.147,
Guerra de Bangladés,1971,1971,0,"Si consultas la misma visualización publicada en The Infographic History of the World, ten en cuenta que los datos de origen han sido actualizados.","India, Pakistán, Bangladés",3,Asia,Asia,"50,000",Bangladesh War,[4],http://www.war-memorial.net/Bangladesh-War--3.145,
Segunda guerra de Cachemira,1964,1971,7,,"India, Pakistán",2,Asia,Asia,"16,327",Second Kashmir War,[2],http://www.war-memorial.net/Second-Kashmir-War-3.131,
Israel vs Egipto,1969,1970,1,,"Israel, Egipto",2,"Asia, Africa",Asia,"5,520",Israel vs Egypt,,http://www.war-memorial.net/Israel-vs-Egypt-3.141,
Guerra civil de Nigeria,1967,1970,3,,Nigeria,1,Africa,Africa,"75,000",Nigerian Civil War,[2],http://www.war-memorial.net/Nigerian-Civil-War--3.140,
Guerra civil de Yemen del Norte,1962,1970,8,,Yemen,1,Asia,Asia,"10,000",North Yemen Civil War,,http://www.war-memorial.net/North-Yemen-Civil-War-3.137,
Primera guerra kurdo-iraquí,1961,1970,9,,Irak,1,Asia,Asia,"6,600",First Kurdish_Iraqi War,,http://www.war-memorial.net/First-Kurdish%E2%80%93Iraqi-War-3.125,
Guerra del Fútbol Honduras vs El Salvador,1969,1969,0,,"Honduras, El Salvador",2,North America,North America,"2,107",Football War Honduras vs El Salvador,,http://www.war-memorial.net/Football-War-Honduras-vs-El-Salvador--3.139,
La Guerra de los Seis Días,1967,1967,0,,"Israel, Jordania, Egipto, Siria",4,"Asia, Africa",Asia,"5,413",The Six Day War,[1],http://www.war-memorial.net/The-Six-Day-War--3.134,
Golpe de la República Dominicana,1965,1965,0,,"República Dominicana, Estados Unidos",2,North America,North America,"4,027",Dominican Republic Coup,,http://www.war-memorial.net/Dominican-Republic-Coup---3.130,
Crisis del Congo,1960,1965,5,,"Democratic Republic of the Congo, Estados Unidos, Bélgica, Congo",4,"Africa, Europe, North America",Africa,"7,175",Congo Crisis,[2],http://www.war-memorial.net/Congo-Crisis-3.128,
Primera guerra civil de Ruanda,1963,1964,1,,Ruanda,1,Africa,Africa,"1,000",First Rwanda Civil War,,http://www.war-memorial.net/First-Rwanda-Civil-War-3.127,
Guerra civil de Vietnam,1955,1964,9,,"Vietnam, Estados Unidos",2,"Asia, North America",Asia,"164,923",Vietnam Civil War,,http://www.war-memorial.net/Vietnam-Civil-War-3.129,
Guerra sino-india,1962,1962,0,,"China, India",2,Asia,Asia,"2,105",Sino-Indian War,[2],http://www.war-memorial.net/Sino-Indian-War-3.124,
Guerra de independencia de Argelia,1954,1962,8,,"Francia, Argelia",2,"Africa, Europe",Africa,"184,886",Algerian War of Independece,[2],http://www.war-memorial.net/Algerian-War-of-Independece-3.122,
Crisis de Bizerta,1961,1961,0,,"Túnez, Francia",2,"Africa, Europe",Africa,"1,394",Bizerte Crisis,,http://www.war-memorial.net/Bizerte-Crisis-3.324,
Camerún vs UPC,1960,1961,1,,Camerún,1,Africa,Africa,"60,000",Cameroonian Govt vs UPC,,http://www.war-memorial.net/Cameroonian-Govt-vs-UPC-3.325,
"Indonesia vs PRRI, Permesta y Darul Islam",1953,1961,8,,"Indonesia, Estados Unidos",2,"Asia, North America",Asia,"33,965","Indonesia vs PRRI, Permesta and Darul Islam",,"http://www.war-memorial.net/Indonesia-vs-PRRI,-Permesta-and-Darul-Islam-3.119",
Revolución cubana,1953,1961,8,,Cuba,1,North America,North America,"1,205",Cuban Revolution,,http://www.war-memorial.net/Cuban-Revolution-3.115,
Levantamiento de Mosul de 1959 en Irak,1959,1959,0,,Irak,1,Asia,Asia,"2,000",1959 Mosul uprising in Iraq,[1],http://www.war-memorial.net/1959-Mosul-uprising-in-Iraq-3.116,
Guerra de independencia de Camerún,1957,1959,2,,"Camerún, Francia",2,"Africa, Europe",Africa,"11,700",Cameroon War of Independence,,http://www.war-memorial.net/Cameroon-War-of-Independence-3.118,
Levantamiento tibetano,1956,1959,3,,China,1,Asia,Asia,"16,000",Tibetan Uprising,,http://www.war-memorial.net/Tibetan-Uprising-3.117,
Primera guerra del Líbano,1958,1958,0,,Líbano,1,Asia,Asia,"1,400",First Lebanese War,,http://www.war-memorial.net/First-Lebanese-War-3.114,
La Violencia,1948,1958,10,,Colombia,1,South America,South America,"29,800",La Violencia,,http://www.war-memorial.net/La-Violencia--3.88,
Guerra civil malaya,1948,1957,9,,"Malysia, Reino Unido, Australia",3,"Asia, Euope",Asia,"10,845",Malayan Civil War,[2],http://www.war-memorial.net/Malayan-Civil-War-3.113,
Invasión soviética de Hungría,1956,1956,0,,"Hungría, Unión Soviética",2,"Asia, Euope",Europe,"3,171",Soviet Invasion of Hungary,[2],http://www.war-memorial.net/Soviet-Invasion-of-Hungary-3.111,
Guerra del Sinaí,1956,1956,0,,"Israel, Egipto, Francia, Reino Unido",4,"Asia, Euope",Asia,"2,142",Sinai War,[2],http://www.war-memorial.net/Sinai-War-3.112,
"Kenia, Mau-Mau vs Reino Unido",1954,1956,2,,"Kenia, Reino Unido",2,"Africa, Europe",Africa,"12,955","Kenya, Mau-Mau vs UK",[3],"http://www.war-memorial.net/Kenya,-Mau-Mau-vs-UK-3.110",
Guerra de independencia de Túnez,1953,1956,3,,"Túnez, Francia",2,"Africa, Europe",Africa,"2,000",Tunisian war of Independence,,http://www.war-memorial.net/Tunisian-war-of-Independence-3.105,
Guerra de independencia de Marruecos,1953,1956,3,,"Marruecos, Francia, España",3,"Africa, Europe",Africa,"1,000",Moroccan War of Independence,,http://www.war-memorial.net/Moroccan-War-of-Independence-3.109,
Crisis del Estrecho de Taiwán,1949,1954,5,,"Taiwán, China, Estados Unidos",3,"Asia, North America",Asia,"10,025",Taiwan Strait Crisis,,http://www.war-memorial.net/Taiwan-Strait-Crisis-3.305,
Primera guerra de Indochina vs Francia,1946,1954,8,,"Francia, Vietnam",2,"Asia, Euope",Asia,"377,523",First Indochina War Comm. vs France,[2],http://www.war-memorial.net/First-Indochina-War-Comm.-vs-France-3.103,
"Filipinas, rebeldes Huk vs gobierno",1946,1954,8,,Filipinas,1,Asia,Asia,"9,695","Philippines, Huk rebels vs Govt",,"http://www.war-memorial.net/Philippines,-Huk-rebels-vs-Govt-3.99",
Guerra de Corea,1949,1953,4,,"Corea del Norte, Corea del Sur, China, Estados Unidos, Australia",5,"Asia, North America",Asia,"995,025",Korean War,[11],http://www.war-memorial.net/Korean-War-3.101,
Revolución boliviana,1952,1952,0,,Bolivia,1,South America,South America,"1,000",Bolivian Revolution,,http://www.war-memorial.net/Bolivian-Revolution-3.98,
India vs rebeldes comunistas CPI,1948,1951,3,,India,1,Asia,Asia,"4,000",Indian Govt vs Communist Rebels CPI,,http://www.war-memorial.net/Indian-Govt-vs-Communist-Rebels-CPI-3.318,
Unión Soviética vs partisanos bálticos,1945,1951,6,,"Unión Soviética, Letonia, Estonia, Lituania",4,"Asia, Euope",Europe,"32,400",Soviet Union vs Baltic Partisans,,http://www.war-memorial.net/Soviet-Union-vs-Baltic-Partisans-(%E2%80%99%E2%80%99Forest-Brethren%E2%80%99%E2%80%99)-3.302,
Indonesia vs República de las Molucas del Sur,1950,1950,0,,Indonesia,1,Asia,Asia,"1,000",Indonesian Govt vs Republic of South Moluccas,,http://www.war-memorial.net/Indonesian-Govt-vs-Republic-of-South-Moluccas-3.323,
Tercera guerra sino-tibetana,1950,1950,0,,China,1,Asia,Asia,"4,000",Third Sino-Tibetan War,,http://www.war-memorial.net/Third-Sino-Tibetan-War-3.97,
Guerra árabe-israelí,1948,1949,1,,"Israel, Jordania, Egipto, Siria, Lybia, Irak",6,"Asia, Africa",Asia,"21,111",Arab-Israeli War,[1],http://www.war-memorial.net/Arab-Israeli-War-3.91,
Rebelión de Jeju en Corea del Sur,1948,1949,1,,Corea del Sur,1,Asia,Asia,"17,000",Cheju Rebellion in South Korea,[1],http://www.war-memorial.net/Cheju-Rebellion-in-South-Korea-3.308,
Guerra civil china,1946,1949,3,,China,1,Asia,Asia,"1,200,000",Chinese Civil War,[1],http://www.war-memorial.net/Chinese-Civil-War-3.95,
Guerra civil de Grecia,1946,1949,3,,Grecia,1,Europe,Europe,"154,000",Greece Civil War,,http://www.war-memorial.net/Greece-Civil-War-3.92,
Guerra civil de Costa Rica,1948,1948,0,,Costa Rica,1,South America,South America,"2,000",Costa Rican Civil War,,http://www.war-memorial.net/Costa-Rican-Civil-War-3.87,
Guerra del Imanato de Yemen,1948,1948,0,,Yemen,1,Asia,Asia,"4,000",Yemeni Imamate War,,http://www.war-memorial.net/Yemeni-Imamate-War-3.89,
Primera guerra de Cachemira,1948,1948,0,,"India, Pakistán",2,Asia,Asia,"7,500",First Kashmir War,,http://www.war-memorial.net/First-Kashmir-War-3.94,
Guerra civil en el Mandato de Palestina,1947,1948,1,,"Reino Unido, Palestina",2,"Asia, Euope",Asia,"4,009",Civil War in Mandatory Palestine,[2],http://www.war-memorial.net/Civil-War-in-Mandatory-Palestine-3.265,
Rebelión de Telangana y guerra indo-hyderabadí,1947,1948,1,,India,1,Asia,Asia,"4,360",Telangana Rebellion and Indo-Hyderabad War,,http://www.war-memorial.net/Telangana-Rebellion-and-Indo-Hyderabad-War-3.303,
Violencia comunal de la Partición de la India,1947,1948,1,,"India, Pakistán",2,Asia,Asia,"200,000",Indian Partition Communal Violence,,http://www.war-memorial.net/Indian-Partition-Communal-Violence-3.90,
Revuelta taiwanesa,1947,1947,0,,"Taiwán, China",2,Asia,Asia,"1,000",Taiwanese revolt,[1],http://www.war-memorial.net/Taiwanese-revolt-3.86,
Rebelión de Madagascar,1947,1947,0,,"Francia, Madagascar",2,"Africa, Europe",Africa,"6,952",Madagascar Rebellion,[1],http://www.war-memorial.net/Madagascar-Rebellion-3.93,
Paraguay vs rebeldes,1947,1947,0,,Paraguay,1,South America,South America,"4,000",Paraguayan Gvt vs Rebels,,http://www.war-memorial.net/Paraguayan-Gvt-vs--Rebels-3.85,
Polonia y Unión Soviética vs partisanos ucranianos,1945,1947,2,,"Unión Soviética, Polonia, Ukraine",3,"Asia, Euope",Asia,"59,700",Poland and Soviet Union vs Ukrainian Partisans,,http://www.war-memorial.net/Poland-and-Soviet-Union-vs-Ukrainian-Partisans-3.301,
Independencia de Indonesia,1945,1946,1,,"Indonesia, Países Bajos, Reino Unido",3,"Asia, Euope",Asia,"5,400",Indonesian Independence,,http://www.war-memorial.net/Indonesian-Independence-3.84,
Segunda Guerra Mundial,1939,1945,6,"Si consultas la misma visualización publicada en The Infographic History of the World, ten en cuenta que los datos de origen han sido actualizados."," Australia, Reino Unido, Estados Unidos, Francia, Italia, Alemania, Denmark, Países Bajos, Unión Soviética, Japón, Norway, Finlandia, España, Polonia, Austria, España, Grecia, China, Canada, New Zealand, India, Sudáfrica, Bélgica, Czech Republic, Etiopía, México, Hungría, Rumanía, Bulgaria, Finlandia, Tailandia, Irak, Costa Rica, Yugoslavia",34,"Asia, Europe, North America, South America, Africa","Asia, Europe, North America, South America, Africa","50,000,000",World War II,[36],http://www.war-memorial.net/World-War-II--3.83,
Guerra franco-tailandesa,1940,1941,1,,"Tailandia, Francia, Reino Unido",3,"Europe, Asia",Asia,"1,400",Franco-Thai War,[1],http://www.war-memorial.net/Franco-Thai-War-3.82,
Tercera guerra sino-japonesa,1937,1941,4,,"Japón, China",2,Asia,Asia,"1,000,000",Third Sino-Japanese War,[6],http://www.war-memorial.net/Third-Sino-Japanese-War-3.81,
La Guerra de Invierno en Finlandia,1939,1940,1,,"Finlandia, Unión Soviética",2,"Europe, Asia",Europe,"151,798",The Winter War in Finland,[1],http://www.war-memorial.net/The-Winter-War-in-Finland-3.80,
La batalla de Jaljin Gol,1939,1939,0,,"Japón, Unión Soviética",2,"Europe, Asia",Asia,"28,000",The battle of Khalkhin Gol,,http://www.war-memorial.net/The-battle-of-Khalkhin-Gol-3.79,
Guerra Civil Española,1936,1939,3,Participant list was updated. ,"España, Alemania, Italia, Portugal, Unión Soviética, México",4,"Europe, North America","Europe, Africa","466,300",Spanish Civil War,[1],http://www.war-memorial.net/Spanish-Civil-War--3.78,
Revuelta árabe en el Mandato de Palestina,1936,1939,3,Palestine was added to participant list.,"Reino Unido, Palestina",2,"Europe, Asia",Asia,"2,576",Arab revolt in Mandatory Palestine,,http://www.war-memorial.net/-Arab-revolt-in-Mandatory-Palestine-3.299,
Segunda guerra británica en Waziristán,1936,1939,3,Pakistan and India were added to participants list.,"Reino Unido, Pakistán, India",3,"Europe, Asia",Asia,"10,200",Second British-Waziristan,,http://www.war-memorial.net/Second-British-Waziristan-3.300,
Incidente de Changkufeng,1938,1938,0,"Although Russia is a transcontinental country which straddles Euroasia, this conflict took place in Asia.","Japón, Unión Soviética, China",3,"Europe, Asia",Asia,"1,726",Changkufeng Incident,,http://www.war-memorial.net/Changkufeng-Incident-3.75,
Guerra italo-etíope,1935,1936,1,,"Italia, Etiopía",2,"Europe, Africa",Africa,"20,000",Italo-Ethiopian War,,http://www.war-memorial.net/Italo-Ethiopian-War-3.73,
Guerra del Chaco,1932,1935,3,,"Paraguay, Bolivia",2,Asia,Asia,"92,661",Chaco War,,http://www.war-memorial.net/Chaco-War-3.72,
Comunistas vs Kuomintang,1930,1935,5,,China,1,Asia,Asia,"500,000",Communists vs Koumintang,,http://www.war-memorial.net/Communists-vs-Koumintang-3.71,
Guerra saudí-yemení,1934,1934,0,,"Arabia Saudita, Yemen",2,Asia,Asia,"2,100",Saudi-Yemeni War,,http://www.war-memorial.net/Saudi-Yemeni-War-3.298,
Socialistas españoles vs gobierno,1934,1934,0,,España,1,Europe,Europe,"1,335",Spanish Socialists vs Govt,,http://www.war-memorial.net/Spanish-Socialists-vs-Govt-3.69,
Revuelta musulmana de Xinjiang,1931,1934,3,"Although Russia is a transcontinental country which straddles Euroasia, this conflict took place in Asia.","Unión Soviética, China",2,Asia,Asia,"21,000",Xinjiang Muslim Revolt,,http://www.war-memorial.net/Xinjiang-Muslim-Revolt-3.296,
Guerra de Manchuria,1931,1933,2,,"Japón, China",2,Asia,Asia,"60,000",Manchurian War,[2],http://www.war-memorial.net/Manchurian-War-3.67,
La Matanza,1932,1932,0,,El Salvador,1,North America,North America,"2,600","El Salvador, La Matanza",,"http://www.war-memorial.net/El-Salvador,-La-Matanza-3.65",
Revuelta brasileña,1932,1932,0,,Brasil,1,South America,South America,"1,000",Brazilian Revolt,,http://www.war-memorial.net/Brazilian-Revolt-3.66,
Revuelta aprista en Perú,1932,1932,0,,Perú,1,South America,South America,"1,100",Aprista Revolt in Peru,,http://www.war-memorial.net/Aprista-Revolt-in-Peru-3.297,
Rebelión de Saya San,1930,1932,2,,"Reino Unido, Myanmar",2,"Europe, Asia",Asia,"1,140",Saya San Rebellion,,http://www.war-memorial.net/Saya-San-Rebellion-3.289,
Orden Senussi vs Italia,1920,1932,12,,"Italia, Lybia",2,"Europe, Africa",Africa,"40,000",Senussi Orden vs Italy,,http://www.war-memorial.net/Senussi-Orden--vs-Italy-3.64,
El levantamiento de Yen Bai,1930,1931,1,,"Vietnam, Francia",2,"Europe, Asia",Asia,"1,000",The Y�n B�i Uprising,,http://www.war-memorial.net/The-Y%C3%AAn-B%C3%A1i-Uprising-3.63,
Revuelta Ikhwan,1929,1930,1,,Arabia Saudita,1,Asia,Asia,"5,500",Ikhwan Revolt,,http://www.war-memorial.net/Ikhwan-Revolt-3.295,
Kuomintang vs señores de la guerra,1929,1930,1,,China,1,Asia,Asia,"75,000",Kuomintang vs warlords,,http://www.war-memorial.net/Kuomintang-vs-warlords-3.61,
Rebelión de Escobar,1929,1929,0,,México,1,North America,North America,"2,000",Escobar Rebellion,,http://www.war-memorial.net/Escobar-Rebellion-3.294,
Guerra sino-soviética,1929,1929,0,,"Unión Soviética, China",2,"Europe, Asia","Europe, Asia","3,200",Sino-Soviet war,,http://www.war-memorial.net/Sino-Soviet-war-3.59,
Segunda guerra antirreformista afgana,1928,1929,1,,Afganistán,1,Asia,Asia,"15,000",Second Afghan Anti-Reform War,,http://www.war-memorial.net/Second-Afghan-Anti-Reform-War-3.58,
La Guerra Cristera,1926,1929,3,,México,1,North America,North America,"10,000",The Cristero War,,http://www.war-memorial.net/The-Cristero-War-3.60,
Kuomintang vs rebeldes de Gansu,1928,1928,0,,China,1,Asia,Asia,"200,000",Kuomintang vs Gansu Rebels,,http://www.war-memorial.net/Kuomintang-vs-Gansu-Rebels-3.57,
Expedición del Norte,1926,1928,2,,China,1,Asia,Asia,"126,500",Northern Expedition,,http://www.war-memorial.net/Northern-Expedition-3.56,
Revuelta drusa,1925,1927,2,,"Francia, Siria",2,"Europe, Asia",Asia,"6,000",Druze revolt,,http://www.war-memorial.net/Druze-revolt-3.54,
Tercera guerra de señores de la guerra china,1925,1926,1,,China,1,Asia,Asia,"1,000",Third Chinese Warlord War,,http://www.war-memorial.net/Third-Chinese-Warlord-War-3.311,
Tercera guerra del Rif,1920,1926,6,Morocco has been added to the list of participants.,"España, Francia, Marruecos",3,"Europe, Africa",Africa,"70,000",Third Rif War,,http://www.war-memorial.net/Third-Rif-War-3.53,
Rebeldes afganos vs gobierno,1924,1925,1,,Afganistán,1,Asia,Asia,"2,000",Afghan rebels vs govt,,http://www.war-memorial.net/Afghan-rebels-vs-govt-3.52,
Guerras de Néyed-Hiyaz,1919,1925,6,,Arabia Saudita,1,Asia,Asia,"4,000",Nejd-Hejaz Wars,,http://www.war-memorial.net/Nejd-Hejaz-Wars-3.283,
Golpe de Honduras,1924,1924,0,,Honduras,1,North America,North America,"1,000",Honduras Coup,,http://www.war-memorial.net/Honduras-Coup-3.51,
Guerra soviético-turquestana,1921,1923,2,,"Rusia, Turkestan",2,"Europe, Asia	","Europe, Asia","3,500",Soviet-Turkestan War,,http://www.war-memorial.net/Soviet-Turkestan-War-3.293,
Segunda guerra de señores de la guerra china,1922,1922,0,,China,1,Asia,Asia,"20,000",Second Chinese Warlord War,,http://www.war-memorial.net/Second-Chinese-Warlord-War-3.310,
Disturbios Moplah en Kerala,1921,1922,1,,"India, Reino Unido",2,"Europe, Asia	",Asia,"2,450",Moplah Riots in Kerala,,http://www.war-memorial.net/Moplah-Riots-in-Kerala-3.48,
Estado Libre de Irlanda vs Irregulares,1921,1922,1,,Irlanda,1,Europe,Europe,"4,000",Ireland freestaters vs Irregulars,,http://www.war-memorial.net/Ireland-freestaters-vs-Irregulars--3.50,
Camisas Negras vs izquierdistas,1920,1922,2,,Italia,1,Europe,Europe,"3,300",Blackshirts vs Leftists,,http://www.war-memorial.net/Blackshirts-vs-Leftists-3.291,
Segunda guerra greco-turca,1919,1922,3,,"Grecia, Turquía",2,"Europe, Asia	","Europe, Asia","50,000",Second Greco Turkish War,,http://www.war-memorial.net/Second-Greco-Turkish-War-3.49,
Revolución rusa y guerra civil,1917,1922,5,,"Rusia, Reino Unido, Francia, Japón, Estados Unidos, Unión Soviética",6,"Europe, Asia, North America	","Europe, Asia","802,225",Russian Revolution and Civil War,[1],http://www.war-memorial.net/Russian-Revolution-and-Civil-War-3.47,
Rebelión de Kronstadt,1921,1921,0,"This conflict is marked as Europe and Asia, because the Soviet Union was a transcontinental country which straddles Euroasia.",Unión Soviética,1,"Europe, Asia	","Europe, Asia","2,600",Kronstadt Rebellion,,http://www.war-memorial.net/Kronstadt-Rebellion-3.292,
Conquista de Mongolia,1920,1921,1,"Although the Soviet Union was a transcontinental country which straddles Euroasia, this conflict took place in Asia.","China, Unión Soviética",2,"Europe, Asia	",Asia,"4,000",Conquest of Mongolia,,http://www.war-memorial.net/Conquest-of-Mongolia-3.287,
Rebelión Verde,1920,1921,1,"This conflict is marked as Europe and Asia, because the Soviet Union was a transcontinental country which straddles Euroasia.",Unión Soviética,1,"Europe, Asia	","Europe, Asia","6,700",Green Rebellion,,http://www.war-memorial.net/Green-Rebellion-3.290,
Irak vs Reino Unido,1920,1921,1,,"Reino Unido, Irak",2,"Europe, Asia	","Europe, Asia","9,540",Iraq vs UK,,http://www.war-memorial.net/Iraq-vs-UK-3.46,
Guerra de independencia de Turquía,1919,1921,2,,"Francia, Turquía",2,"Europe, Asia	","Europe, Asia","40,000",Turkish War of Independence,,http://www.war-memorial.net/Turkish-War-of-Independence-3.45,
Primera guerra de señores de la guerra china,1920,1920,0,,China,1,Asia,Asia,"35,000",First Chinese Warlord War,,http://www.war-memorial.net/First-Chinese-Warlord-War-3.309,
Guerra franco-siria,1920,1920,0,,"Francia, Siria",2,"Europe, Asia",Asia,"3,500",Franco-Syrian war,[1],http://www.war-memorial.net/Franco-Syrian-war--3.42,
Guerra lituano-polaca,1920,1920,0,,"Polonia, Lituania",2,Europe,Europe,"1,000",Lithuanian-Polish War,,http://www.war-memorial.net/Lithuanian-Polish-War-3.285,
Guerra civil de Hungría,1919,1920,1,"United States, Romania, Yugoslavia and Czechoslovakia were added to the list of participants.","Hungría, Estados Unidos, Rumanía, Yugoslavia, Checoslovaquia",5,"Europe, North America",Europe,"1,500",Hungary Civil War,,http://www.war-memorial.net/Hungary-Civil-War-3.40,
Guerra polaco-soviética,1919,1920,1,,"Unión Soviética, Polonia",2,"Europe, Asia	",Europe,"100,000",Polish-Soviet War,,http://www.war-memorial.net/Polish-Soviet-War-3.41,
Primera guerra británica en Waziristán,1919,1920,1,India was added to the list of participants.,"Reino Unido, Pakistán, India",3,"Europe, Asia",Asia,"2,000",First British-Waziristan War,,http://www.war-memorial.net/First-British-Waziristan-War-3.286,
Guerra de liberación de Estonia,1918,1920,2,,"Unión Soviética, Finlandia, Estonia",3,"Europe, Asia	",Europe,"11,750",Estonian Liberation War,[2],http://www.war-memorial.net/Estonian-Liberation-War-3.279,
Liberación de Letonia,1918,1920,2,,"Unión Soviética, Alemania, Letonia, Estonia",4,"Europe, Asia	",Europe,"13,246",Latvian Liberation,,http://www.war-memorial.net/Latvian-Liberation-3.280,
Revuelta Caco,1918,1920,2,,"Estados Unidos, Haití",2,North America,North America,"2,102",Caco Revolt,,http://www.war-memorial.net/Caco-Revolt-3.282,
Revolución mexicana,1910,1920,10,,México,1,North America,North America,"125,000",Mexican Revolution,[1],http://www.war-memorial.net/Mexican-Revolution--3.39,
"El Estado Derviche vs Etiopía, Gran Bretaña e Italia",1899,1920,21,,"Reino Unido, Somalia, Etiopía, Dervish State, Italia",5,"Europe, Africa",Africa,"6,000","The Dervish State vs Ethiopia, Britain and Italy",,"http://www.war-memorial.net/The-Dervish-State-vs-Ethiopia,-Britain-and-Italy-3.9",
Levantamiento espartaquista,1919,1919,0,,Alemania,1,Europe,Europe,"2,170",Sparticist Rising,,http://www.war-memorial.net/Sparticist-Rising-3.284,
Guerra húngaro-rumana,1919,1919,0,,"Rumanía, Hungría",2,Europe,Europe,"11,000",Hungarian_Romanian War of 1919,,http://www.war-memorial.net/Hungarian%E2%80%93Romanian-War-of-1919-3.36,
Tercera guerra anglo-afgana,1919,1919,0,,"Afganistán, Reino Unido",2,"Europe, Asia",Asia,"2,136",Third Anglo-Afghan War,,http://www.war-memorial.net/Third-Anglo-Afghan-War-3.37,
Guerra civil de Finlandia,1918,1918,0,Germany and Russia were added to the list of participants.,"Finlandia, Alemania, Rusia",3,"Europe, Asia",Europe,"15,150",Finnish Civil War,[1],http://www.war-memorial.net/Finnish-Civil-War-3.35,
Segunda guerra sino-tibetana,1918,1918,0,,China,1,Asia,Asia,"1,500",Second Sino-Tibetan,,http://www.war-memorial.net/Second-Sino-Tibetan-3.281,
Revuelta del sur de China,1915,1918,3,,China,1,Asia,Asia,"1,000",Southern China Revolt,,http://www.war-memorial.net/Southern-China-Revolt-3.29,
Primera Guerra Mundial,1914,1918,4,"Si consultas la misma visualización publicada en The Infographic History of the World, ten en cuenta que los datos de origen han sido actualizados."," Australia, Alemania, Francia, Reino Unido, Italia, Rusia, Grecia, Hungría, Turquía, Estados Unidos, Austria, Andorra, Bélgica, Brasil, China, Cuba, Costa Rica, Guatemala, Haití, Honduras, Japón, Liberia, Montenegro, Nepal, Nicaragua, Panamá, Portugal, Rumanía, Rusia, San Marino, Serbia, Tailandia, Canada, Australia, Malta, New Zealand, Sudáfrica, Filipinas, Puerto Rico, Azerbaiyán, Bulgaria, Austria-Hungría, Dervish State, Jabal Shammar, Ottoman Empire",45,"Asia, Europe, North America, South America, Africa","Asia, Europe, North America, South America, Africa","10,670,868",World War I,[12],http://www.war-memorial.net/World-War-I-3.32,
Rusia-Turquestán,1916,1917,1,,"Rusia, Turkestan",2,"Europe, Asia	",Asia,"1,350",Russia-Turkestan,,http://www.war-memorial.net/Russia-Turkestan-3.278,
China vs rebeldes Bai Lang,1914,1914,0,,China,1,Asia,Asia,"5,000",Chinese Govt vs Bai Lang (White Wolf) Rebels,,http://www.war-memorial.net/Chinese-Govt-vs-Bai-Lang-(White-Wolf)-Rebels-3.28,
Segunda Guerra Balcánica,1913,1913,0,,"Yugoslavia, Grecia, Bulgaria, Ottoman Empire, Rumanía",5,Europe,Europe,"60,500",2nd Balkan War,,http://www.war-memorial.net/2nd-Balkan-War--3.26,
Kuomintang vs ejército chino,1913,1913,0,,China,1,Asia,Asia,"5,000",Kuomintang vs Chinese Army,,http://www.war-memorial.net/Kuomintang-vs-Chinese-Army--3.27,
Rebelión moro,1913,1913,0,"Where the conflict took place: Philippines, Asia.","Estados Unidos, Filipinas",2,"North America, Asia",Asia,"15,050",Moro Rebellion,,http://www.war-memorial.net/Moro-Rebellion-3.277,
Primera Guerra Balcánica,1912,1913,1,,"Serbia, Montenegro, Grecia, Bulgaria, Macedonia, Ottoman Empire",6,Europe,Europe,"82,000",1st Balkan War,[1],http://www.war-memorial.net/1st-Balkan-War-3.25,
Golpes de Estado en Paraguay,1911,1912,1,,Paraguay,1,South America,South America,"5,000",Paraguay Coups,,http://www.war-memorial.net/Paraguay-Coups-3.22,
Guerra italo-turca,1911,1912,1,"Ottoman Empire was one of the most powerful states in the world during the 15th and 16th centuries. It spanned more than 600 years and came to an end only in 1922, when it was replaced by the Turkish Republic and various successor states in southeastern Europe and the Middle East. ","Italia, Ottoman Empire",2,"Europe, Asia, Africa",Africa,"20,000",Italo-Turkish War,,http://www.war-memorial.net/Italo-Turkish-War-3.23,
Primera guerra sino-tibetana,1911,1912,1,,China,1,Asia,Asia,"2,000",First Sino-Tibetan War,,http://www.war-memorial.net/First-Sino-Tibetan-War-3.24,
Cuba vs Partido Independiente de Color,1911,1911,0,,"Cuba, Estados Unidos",2,"North America, South America",North America,"1,050",Cuba vs Partido Independiente de Color,,http://www.war-memorial.net/Cuba-vs-Partido-Independiente-de-Color-3.276,
Revolución china,1911,1911,0,,China,1,Asia,Asia,"1,000",Chinese Revolution,[2],http://www.war-memorial.net/Chinese-Revolution--3.21,
Revuelta de Asir-Yemen,1910,1911,1,"Ottoman Empire was one of the most powerful states in the world during the 15th and 16th centuries. It spanned more than 600 years and came to an end only in 1922, when it was replaced by the Turkish Republic and various successor states in southeastern Europe and the Middle East. ","Yemen, Ottoman Empire",2,Asia,Asia,"9,000",Asir-Yemen Revolt,,http://www.war-memorial.net/Asir-Yemen-Revolt-3.275,
Conquista francesa del Sultanato de Wadai,1909,1911,2,,"Francia, Chad",2,"Europe, Africa",Africa,"12,000",French Conquest of Wadai Sultanate,,http://www.war-memorial.net/French-Conquest-of-Wadai-Sultanate-3.274,
La segunda guerra del Rif,1909,1910,1,,"Marruecos, España",2,"Africa, Europe",Africa,"10,000",The second Rif War,,http://www.war-memorial.net/The-second-Rif-War-3.19,
Guerra portuguesa contra Dembos,1907,1910,3,,"Angola, Portugal",2,"Africa, Europe",Africa,"5,100",Portugese war against Dembos,,http://www.war-memorial.net/Portugese-war-against-Dembos-3.271,
Insurgencia anticolonial de Ma al-Aynayn,1907,1910,3,,"Marruecos, Francia",2,"Africa, Europe",Africa,"3,150",Ma al-�Aynayn�s Anti-Colonial Insurgency,,http://www.war-memorial.net/Ma-al-%E2%80%99Aynayn%E2%80%99s-Anti-Colonial-Insurgency--3.272,
Guerrilla coreana contra la ocupación japonesa,1907,1910,3,,"Corea del Sur, Japón",2,Asia,Asia,"17,736",Korean guerilla war against Japanese occupation,,http://www.war-memorial.net/Korean-guerilla-war-against-Japanese-occupation-3.273,
Guerra constitucional de Irán,1908,1909,1,"The location is marked as Europe and Asia, because Russia is a transcontinental country which straddles Euroasia.","Irán, Rusia",2,"Europe, Asia	","Europe, Asia","1,100",Iranian Constitution War,,http://www.war-memorial.net/Iranian-Constitution-War-3.18,
Disturbios en Marruecos,1907,1908,1,,"Marruecos, Francia",2,"Europe, Africa",Africa,"1,400",Morocco unrest,,http://www.war-memorial.net/Morocco-unrest-3.17,
Revuelta campesina rumana,1907,1907,0,The western part of Moldavia is now part of Romania.,Rumanía,1,Europe,Europe,"2,000",Romanian Peasant Revolt,,http://www.war-memorial.net/Romanian-Peasant-Revolt-3.16,
Cuarta guerra centroamericana,1907,1907,0,,"Honduras, El Salvador, Nicaragua",3,North America,North America,"1,000",Fourth Central American war,,http://www.war-memorial.net/4th-Central-American-war--3.15,
Guerra holandesa-achinesa,1904,1907,3,,"Países Bajos, Sumatra",2,"Europe, Africa",Africa,"24,200",Dutch-Achinese War,,http://www.war-memorial.net/Dutch-Achinese-War-3.269,
Sokoto y Reino Unido vs revuelta mahdista,1906,1906,0,,"Nigeria, Reino Unido",2,"Africa, Europe",Africa,"2,080",Sokoto and UK vs Mahdist Revolt,,http://www.war-memorial.net/Sokoto-and-UK-vs-Mahdist-Revolt-3.270,
Rebelión zulú,1906,1906,0,,"Natal, Reino Unido",2,"Africa, Europe",Africa,"2,356",Zulu Rebellion,,http://www.war-memorial.net/Zulu-Rebellion-3.13,
Tercera guerra centroamericana,1906,1906,0,,"Honduras, El Salvador, Guatemala",3,North America,North America,"1,000",Third Central American war,,http://www.war-memorial.net/Third-Central-American-war--3.14,
Revolución rusa,1905,1906,1,"The location is marked as both Europe and Asia, because Russia is a transcontinental country which straddles Euroasia.",Rusia,1,"Europe, Asia","Europe, Asia","1,500",Russian Revolution 1905,,http://www.war-memorial.net/Russian-Revolution-1905--3.7,
Revuelta Maji Maji,1905,1906,1,,"Alemania, Tanzania",2,"Africa, Europe",Africa,"8,840",Maji Maji revolt,,http://www.war-memorial.net/Maji-Maji-revolt-3.12,
Guerra ruso-japonesa,1904,1905,1,,"Rusia, Japón",2,Asia,Asia,"151,831",Russo-Japanese war,[1],http://www.war-memorial.net/Russo-Japanese-war-3.10,
Revuelta del África del Sudoeste,1904,1905,1,Namibia was added to the list of participants.,"Alemania, Namibia",2,"Africa, Europe",Africa,"12,800",Southwest African Revolt,[1],http://www.war-memorial.net/Southwest-African-Revolt-3.11,
Guerra civil de Uruguay,1904,1904,0,,Uruguay,1,South America,South America,"1,000",Uruguay Civil War,,http://www.war-memorial.net/Uruguay-Civil-War-3.8,
Segunda rebelión de Yemen,1904,1904,0,"Ottoman Empire was one of the most powerful states in the world during the 15th and 16th centuries. It spanned more than 600 years and came to an end only in 1922, when it was replaced by the Turkish Republic and various successor states in southeastern Europe and the Middle East. ","Yemen, Ottoman Empire",2,Asia,Asia,"30,000",Second Yemen Rebellion,,http://www.war-memorial.net/Second-Yemen-Rebellion-3.266,
Levantamientos en Angola colonial,1902,1904,2,,"Angola, Portugal",2,"Europe, Africa",Africa,"2,000",Uprisings in Colonial Angola,,http://www.war-memorial.net/Uprisings-in-Colonial-Angola-3.268,
Levantamiento de Ilinden,1903,1903,0,"Ottoman Empire was one of the most powerful states in the world during the 15th and 16th centuries. It spanned more than 600 years and came to an end only in 1922, when it was replaced by the Turkish Republic and various successor states in southeastern Europe and the Middle East. ",Ottoman Empire,1,"Europe, Asia",Asia,"6,330",Ilinden Uprising,,http://www.war-memorial.net/Ilinden-Uprising-3.6,
La Guerra de los Mil Días,1899,1903,4,,Colombia,1,South America,South America,"100,000",The War of a Thousand Days,,http://www.war-memorial.net/The-War-of-a-Thousand-Days---3.5,
Insurrección filipina,1899,1902,3,,"Filipinas, Estados Unidos",2,"America, Asia",Asia,"20,500",Philippine insurrection,,http://www.war-memorial.net/Philippine-insurrection--3.3,
Segunda Guerra Bóer,1899,1902,3,"Australia, Canada, South Africa were added to the list of participants.","Reino Unido, Canada, Australia, Sudáfrica, Zuid-Afrikaansche Republiek",4,"Africa, Europe, North America",Africa,"30,800",Second Boer war,,http://www.war-memorial.net/Second-Boer-war-3.4,
La Rebelión de los Bóxers,1900,1900,0,,"China, Reino Unido, Japón, Rusia, Francia, Estados Unidos, Alemania, Italia, Austria-Hungría",9,Asia,Asia,"3,003",The Boxer Rebellion,,http://www.war-memorial.net/The-Boxer-Rebellion-3.1,
Guerra sino-rusa,1900,1900,0,,"Rusia, China",2,Asia,Asia,"4,000",Sino-Russian War,,http://www.war-memorial.net/Sino-Russian-War-3.267,
Guerra civil siria (continuación),2015,2024,9,Fuente: UCDP/Our World in Data.,"Siria, Rusia, EE.UU., Turquía, Israel, ISIS, grupos rebeldes",7,Asia,Asia,"199,674",https://ourworldindata.org/war-and-peace,,https://ourworldindata.org/war-and-peace,2015:59544;2016:53851;2017:38472;2018:21679;2019:11168;2020:5650;2021:1903;2022:1651;2023:2170;2024:3586
Guerra en Afganistán (continuación),2015,2021,6,Fuente: UCDP/Our World in Data. Incluye la retirada de EE.UU. (2021) y la toma talibán,"Afganistán, EE.UU., OTAN, Talibán",4,Asia,Asia,"171,267",https://ourworldindata.org/war-and-peace,,https://ourworldindata.org/war-and-peace,2015:18016;2016:18991;2017:19766;2018:26849;2019:30434;2020:20836;2021:36375
Guerra ruso-ucraniana,2015,2024,9,Fuente: UCDP/Our World in Data. Incluye la fase de baja intensidad (2015-2021) y la invasión a gran escala (2022-presente),"Ucrania, Rusia",2,"Europe, Asia",Europe,"240,109",https://ourworldindata.org/war-and-peace,,https://ourworldindata.org/war-and-peace,2015:1890;2016:697;2017:447;2018:243;2019:311;2020:196;2021:208;2022:92608;2023:75393;2024:68116
Guerra civil de Yemen,2015,2024,9,Fuente: UCDP/Our World in Data.,"Yemen, Arabia Saudita, Emiratos Árabes Unidos, Hutíes",4,Asia,Asia,"58,859",https://ourworldindata.org/war-and-peace,,https://ourworldindata.org/war-and-peace,2015:8102;2016:4021;2017:3597;2018:4982;2019:2925;2020:6733;2021:23441;2022:3176;2023:902;2024:980
Conflicto israelí-palestino (2023-2024),2018,2024,6,Fuente: UCDP/Our World in Data. Incluye la guerra de Gaza (2023-2024),"Israel, Palestina, Hamás",3,Asia,Asia,"49,337",https://ourworldindata.org/war-and-peace,,https://ourworldindata.org/war-and-peace,2018:53;2019:48;2021:269;2022:84;2023:27424;2024:21459
Conflicto iraquí (ISIS y secuelas),2015,2024,9,Fuente: UCDP/Our World in Data.,"Irak, EE.UU., Kurdistán, ISIS",4,"Asia, North America",Asia,"41,027",https://ourworldindata.org/war-and-peace,,https://ourworldindata.org/war-and-peace,2015:11301;2016:12038;2017:11417;2018:1447;2019:959;2020:942;2021:1017;2022:1004;2023:498;2024:404
Guerra del Tigray y conflictos etíopes,2015,2024,9,Fuente: UCDP/Our World in Data. La fase más letal fue la Guerra del Tigray (2020-2022),"Etiopía, Tigray, Eritrea",3,Africa,Africa,"327,642",https://ourworldindata.org/war-and-peace,,https://ourworldindata.org/war-and-peace,2015:307;2016:554;2017:449;2018:657;2019:414;2020:24418;2021:129481;2022:164991;2023:2318;2024:4053
Guerra contra el narcotráfico en México (continuación),2015,2024,9,Fuente: UCDP/Our World in Data.,"México, cárteles de droga",2,North America,North America,"102,687",https://ourworldindata.org/war-and-peace,,https://ourworldindata.org/war-and-peace,2015:4484;2016:4275;2017:9716;2018:11175;2019:10416;2020:13323;2021:15020;2022:12508;2023:10830;2024:10940
Conflicto en Nigeria (Boko Haram / bandidaje),2015,2024,9,Fuente: UCDP/Our World in Data.,"Nigeria, Boko Haram, ISWAP, bandidos",4,Africa,Africa,"37,622",https://ourworldindata.org/war-and-peace,,https://ourworldindata.org/war-and-peace,2015:9093;2016:3848;2017:3480;2018:3125;2019:2295;2020:2909;2021:3093;2022:2814;2023:3904;2024:3061
Conflicto en RD Congo (continuación),2015,2024,9,Fuente: UCDP/Our World in Data.,"República Democrática del Congo, M23, ADF, milicias",4,Africa,Africa,"34,988",https://ourworldindata.org/war-and-peace,,https://ourworldindata.org/war-and-peace,2015:637;2016:2143;2017:5822;2018:2262;2019:2395;2020:3847;2021:3476;2022:5498;2023:3854;2024:5054
Guerra civil somalí (continuación),2015,2024,9,Fuente: UCDP/Our World in Data.,"Somalia, Al-Shabaab",2,Africa,Africa,"24,064",https://ourworldindata.org/war-and-peace,,https://ourworldindata.org/war-and-peace,2015:1239;2016:2055;2017:2060;2018:2432;2019:2179;2020:2091;2021:2253;2022:3100;2023:4175;2024:2480
Guerra civil sudanesa,2015,2024,9,Fuente: UCDP/Our World in Data. La fase más intensa comenzó en abril de 2023,"Sudán, RSF, ejército sudanés",3,Africa,Africa,"22,947",https://ourworldindata.org/war-and-peace,,https://ourworldindata.org/war-and-peace,2015:2485;2016:1894;2017:504;2018:364;2019:397;2020:559;2021:810;2022:1184;2023:7754;2024:6996
Violencia urbana en Brasil,2015,2024,9,Fuente: UCDP/Our World in Data.,"Brasil, milicias, facciones criminales",3,South America,South America,"18,318",https://ourworldindata.org/war-and-peace,,https://ourworldindata.org/war-and-peace,2015:65;2016:147;2017:3045;2018:2635;2019:1659;2020:2578;2021:2582;2022:1650;2023:2388;2024:1569
Insurgencia en Burkina Faso,2016,2024,8,Fuente: UCDP/Our World in Data.,"Burkina Faso, JNIM, ISGS",3,Africa,Africa,"17,168",https://ourworldindata.org/war-and-peace,,https://ourworldindata.org/war-and-peace,2016:25;2017:34;2018:171;2019:1245;2020:1152;2021:1454;2022:2702;2023:6132;2024:4253
Guerra de Malí (conflicto del Sahel),2015,2024,9,Fuente: UCDP/Our World in Data.,"Malí, Francia, ONU, JNIM, ISGS",5,Africa,Africa,"13,705",https://ourworldindata.org/war-and-peace,,https://ourworldindata.org/war-and-peace,2015:214;2016:163;2017:534;2018:1279;2019:1157;2020:1511;2021:1268;2022:3638;2023:2065;2024:1876
Guerra civil de Myanmar,2015,2024,9,Fuente: UCDP/Our World in Data. Escalada tras el golpe militar de 2021,"Myanmar, resistencia, grupos étnicos armados",3,Asia,Asia,"14,409",https://ourworldindata.org/war-and-peace,,https://ourworldindata.org/war-and-peace,2015:659;2016:174;2017:2381;2018:99;2019:558;2020:168;2021:1738;2022:2738;2023:3035;2024:2859
Insurgencia en Pakistán,2015,2024,9,Fuente: UCDP/Our World in Data.,"Pakistán, TTP, ISIS-K",3,Asia,Asia,"9,697",https://ourworldindata.org/war-and-peace,,https://ourworldindata.org/war-and-peace,2015:2366;2016:1086;2017:952;2018:485;2019:294;2020:392;2021:431;2022:685;2023:1161;2024:1845
Guerra civil de Sudán del Sur (continuación),2015,2024,9,Fuente: UCDP/Our World in Data.,"Sudán del Sur, facciones armadas",2,Africa,Africa,"8,492",https://ourworldindata.org/war-and-peace,,https://ourworldindata.org/war-and-peace,2015:1116;2016:1289;2017:1244;2018:1175;2019:626;2020:640;2021:888;2022:679;2023:206;2024:629
Conflicto de Nagorno-Karabaj,2020,2023,3,Fuente: UCDP/Our World in Data. Incluye la guerra de 2020 y la ofensiva de 2023,"Azerbaiyán, Armenia",2,Asia,Asia,"8,262",https://ourworldindata.org/war-and-peace,,https://ourworldindata.org/war-and-peace,2020:7636;2021:30;2022:154;2023:442
Guerra civil libia (segunda),2015,2024,9,Fuente: UCDP/Our World in Data.,"Libia, facciones rivales, ISIS",3,Africa,Africa,"8,113",https://ourworldindata.org/war-and-peace,,https://ourworldindata.org/war-and-peace,2015:1573;2016:2325;2017:1091;2018:664;2019:1785;2020:673;2024:2
Conflicto en Camerún (anglófono / Boko Haram),2015,2024,9,Fuente: UCDP/Our World in Data.,"Camerún, separatistas anglófonos, Boko Haram",3,Africa,Africa,"7,139",https://ourworldindata.org/war-and-peace,,https://ourworldindata.org/war-and-peace,2015:1263;2016:485;2017:387;2018:941;2019:830;2020:780;2021:797;2022:657;2023:621;2024:378
Conflicto en República Centroafricana,2015,2024,9,Fuente: UCDP/Our World in Data.,"República Centroafricana, Séléka, Anti-balaka",3,Africa,Africa,"7,059",https://ourworldindata.org/war-and-peace,,https://ourworldindata.org/war-and-peace,2015:719;2016:628;2017:1756;2018:612;2019:422;2020:217;2021:1080;2022:767;2023:390;2024:468
Insurgencia en Níger (Sahel),2015,2024,9,Fuente: UCDP/Our World in Data.,"Níger, JNIM, ISGS, Boko Haram",4,Africa,Africa,"6,053",https://ourworldindata.org/war-and-peace,,https://ourworldindata.org/war-and-peace,2015:533;2016:300;2017:243;2018:186;2019:476;2020:818;2021:1134;2022:664;2023:478;2024:1221
Insurgencia en Cabo Delgado (Mozambique),2016,2024,8,Fuente: UCDP/Our World in Data.,"Mozambique, ISIS-Mozambique, SADC",3,Africa,Africa,"5,858",https://ourworldindata.org/war-and-peace,,https://ourworldindata.org/war-and-peace,2016:55;2018:170;2019:596;2020:1627;2021:1918;2022:710;2023:260;2024:522
India (Cachemira / insurgencia maoísta),2015,2024,9,Fuente: UCDP/Our World in Data.,"India, insurgentes de Cachemira, maoístas",3,Asia,Asia,"6,083",https://ourworldindata.org/war-and-peace,,https://ourworldindata.org/war-and-peace,2015:569;2016:721;2017:800;2018:899;2019:702;2020:695;2021:468;2022:353;2023:357;2024:519
Conflicto en Líbano (2024),2015,2024,9,Fuente: UCDP/Our World in Data. Escalada significativa en 2024,"Líbano, Hezbolá, Israel",3,Asia,Asia,"4,987",https://ourworldindata.org/war-and-peace,,https://ourworldindata.org/war-and-peace,2015:197;2016:35;2017:297;2023:123;2024:4335
Insurgencia en el Sinaí (Egipto),2015,2022,7,Fuente: UCDP/Our World in Data.,"Egipto, ISIS-Sinaí",2,Africa,Africa,"4,542",https://ourworldindata.org/war-and-peace,,https://ourworldindata.org/war-and-peace,2015:991;2016:391;2017:902;2018:688;2019:664;2020:546;2021:124;2022:236
Conflicto en Filipinas (Mindanao),2015,2024,9,Fuente: UCDP/Our World in Data.,"Filipinas, Abu Sayyaf, maoístas",3,Asia,Asia,"4,940",https://ourworldindata.org/war-and-peace,,https://ourworldindata.org/war-and-peace,2015:606;2016:597;2017:1690;2018:432;2019:331;2020:373;2021:266;2022:220;2023:249;2024:176
Turquía vs PKK (continuación),2015,2024,9,Fuente: UCDP/Our World in Data.,"Turquía, PKK",2,Europe,Europe,"4,345",https://ourworldindata.org/war-and-peace,,https://ourworldindata.org/war-and-peace,2015:1049;2016:1521;2017:435;2018:460;2019:299;2020:208;2021:132;2022:100;2023:106;2024:35
Conflicto colombiano (post-paz),2015,2024,9,Fuente: UCDP/Our World in Data. Post acuerdo de paz de 2016,"Colombia, ELN, disidencias FARC, narcos",4,South America,South America,"2,312",https://ourworldindata.org/war-and-peace,,https://ourworldindata.org/war-and-peace,2015:134;2016:30;2017:37;2018:213;2019:115;2020:114;2021:253;2022:333;2023:507;2024:576
Rusia (Cáucaso Norte / interno),2015,2024,9,Fuente: UCDP/Our World in Data.,"Rusia, insurgentes del Cáucaso",2,Europe,Europe,"8,379",https://ourworldindata.org/war-and-peace,,https://ourworldindata.org/war-and-peace,2015:86;2016:70;2017:53;2018:36;2019:26;2020:32;2022:65;2023:197;2024:7814
Violencia de pandillas en Haití,2018,2024,6,Fuente: UCDP/Our World in Data.,"Haití, pandillas armadas",2,North America,North America,"2,262",https://ourworldindata.org/war-and-peace,,https://ourworldindata.org/war-and-peace,2018:71;2020:162;2021:121;2022:235;2023:416;2024:1257
Insurgencia en Chad,2015,2024,9,Fuente: UCDP/Our World in Data.,"Chad, Boko Haram, FACT",3,Africa,Africa,"2,210",https://ourworldindata.org/war-and-peace,,https://ourworldindata.org/war-and-peace,2015:389;2016:2;2017:88;2018:168;2019:251;2020:249;2021:666;2022:91;2023:112;2024:194
Violencia en Ecuador,2019,2024,5,Fuente: UCDP/Our World in Data.,"Ecuador, narcos, pandillas",3,South America,South America,"1,208",https://ourworldindata.org/war-and-peace,,https://ourworldindata.org/war-and-peace,2019:2;2021:291;2022:118;2023:536;2024:261
Congo (Brazzaville) conflicto,2016,2024,8,Fuente: UCDP/Our World in Data.,"Congo (Brazzaville), Pool rebels",2,Africa,Africa,"1,428",https://ourworldindata.org/war-and-peace,,https://ourworldindata.org/war-and-peace,2016:73;2018:696;2019:1;2022:358;2024:300
Irán vs grupos kurdos/internos,2016,2024,8,Fuente: UCDP/Our World in Data.,"Irán, PJAK, grupos internos",3,Asia,Asia,"1,121",https://ourworldindata.org/war-and-peace,,https://ourworldindata.org/war-and-peace,2016:22;2017:27;2018:60;2019:286;2020:216;2021:48;2022:211;2023:34;2024:217
Kenia (amenaza Al-Shabaab),2015,2024,9,Fuente: UCDP/Our World in Data.,"Kenia, Al-Shabaab",2,Africa,Africa,"1,514",https://ourworldindata.org/war-and-peace,,https://ourworldindata.org/war-and-peace,2015:374;2016:107;2017:149;2018:106;2019:159;2020:103;2021:108;2022:92;2023:224;2024:92
Crisis en Burundi,2015,2024,9,Fuente: UCDP/Our World in Data.,"Burundi, facciones armadas",2,Africa,Africa,"1,007",https://ourworldindata.org/war-and-peace,,https://ourworldindata.org/war-and-peace,2015:265;2016:85;2017:38;2018:109;2019:75;2020:127;2021:76;2022:38;2023:124;2024:70
Conflicto en Bangladés,2016,2024,8,Fuente: UCDP/Our World in Data.,"Bangladesh, insurgentes",2,Asia,Asia,481,https://ourworldindata.org/war-and-peace,,https://ourworldindata.org/war-and-peace,2016:73;2017:48;2020:3;2022:2;2024:355
Benín (expansión del Sahel),2019,2024,5,Fuente: UCDP/Our World in Data.,"Benín, yihadistas del Sahel",2,Africa,Africa,160,https://ourworldindata.org/war-and-peace,,https://ourworldindata.org/war-and-peace,2019:1;2022:30;2023:46;2024:83
Violencia tribal en Papúa Nueva Guinea,2019,2024,5,Fuente: UCDP/Our World in Data.,"Papúa Nueva Guinea, tribus",2,Asia,Asia,302,https://ourworldindata.org/war-and-peace,,https://ourworldindata.org/war-and-peace,2019:30;2021:38;2022:104;2024:130
Conflicto armado en Togo,2022,2024,2,Fuente: UCDP/Our World in Data.,"Togo, yihadistas",2,Africa,Africa,206,https://ourworldindata.org/war-and-peace,,https://ourworldindata.org/war-and-peace,2022:62;2023:76;2024:68
Indonesia (insurgencia en Papúa),2018,2024,6,Fuente: UCDP/Our World in Data.,"Indonesia, insurgentes de Papúa",2,Asia,Asia,334,https://ourworldindata.org/war-and-peace,,https://ourworldindata.org/war-and-peace,2018:28;2019:34;2020:31;2021:51;2022:46;2023:87;2024:57
Conflicto fronterizo Arabia Saudita-Yemen,2015,2023,8,Fuente: UCDP/Our World in Data.,"Arabia Saudita, hutíes",2,Asia,Asia,334,https://ourworldindata.org/war-and-peace,,https://ourworldindata.org/war-and-peace,2015:120;2016:125;2017:56;2018:11;2019:7;2021:6;2023:9
Violencia en Honduras,2015,2023,8,Fuente: UCDP/Our World in Data.,"Honduras, maras, narcos",3,North America,North America,206,https://ourworldindata.org/war-and-peace,,https://ourworldindata.org/war-and-peace,2015:68;2019:36;2023:102
Violencia en Venezuela,2015,2023,8,Fuente: UCDP/Our World in Data.,"Venezuela, grupos armados",2,South America,South America,366,https://ourworldindata.org/war-and-peace,,https://ourworldindata.org/war-and-peace,2015:32;2016:60;2017:76;2018:94;2019:78;2021:7;2022:16;2023:3
Argelia (insurgencia islamista cont.),2015,2020,5,Fuente: UCDP/Our World in Data.,"Argelia, AQMI",2,Africa,Africa,352,https://ourworldindata.org/war-and-peace,,https://ourworldindata.org/war-and-peace,2015:110;2016:85;2017:98;2018:33;2020:26
Insurgencia en el sur de Tailandia,2015,2024,9,Fuente: UCDP/Our World in Data.,"Tailandia, separatistas malayos",2,Asia,Asia,471,https://ourworldindata.org/war-and-peace,,https://ourworldindata.org/war-and-peace,2015:84;2016:50;2017:43;2018:61;2019:55;2020:46;2021:38;2022:29;2023:30;2024:35
